Chapter,Verse,Shloka,EngMeaning,Yoga_Type
1,1,"धृतराष्ट्र उवाच |
धर्मक्षेत्रे कुरुक्षेत्रे समवेता युयुत्सवः |
मामकाः पाण्डवाश्चैव किमकुर्वत सञ्जय ||१-१||","1.1 Dhritarashtra said  What did my people and the sons of Pandu do when they had assembled
together eager for battle on the holy plain of Kurukshetra, O Sanjaya.",Bhakti Yoga
1,2,"सञ्जय उवाच |
दृष्ट्वा तु पाण्डवानीकं व्यूढं दुर्योधनस्तदा |
आचार्यमुपसंगम्य राजा वचनमब्रवीत् ||१-२||","1.2. Sanjaya said  Having seen the army of the Pandavas drawn up in battle-array,
King Duryodhana then approached his teacher (Drona) and spoke these words.",Bhakti Yoga
1,3,"पश्यैतां पाण्डुपुत्राणामाचार्य महतीं चमूम् |
व्यूढां द्रुपदपुत्रेण तव शिष्येण धीमता ||१-३||","1.3. ""Behold, O Teacher! this mighty army of the sons of Pandu,
arrayed by the son of Drupada, thy wise disciple.",Bhakti Yoga
1,4,"अत्र शूरा महेष्वासा भीमार्जुनसमा युधि |
युयुधानो विराटश्च द्रुपदश्च महारथः ||१-४||","1.4. Here are heroes, mighty archers, eal in battle to Bhima
and Arjuna, Yoyudhana (Satyaki), Virata and Drupada, of the great car (mighty
warriors).",Bhakti Yoga
1,5,"धृष्टकेतुश्चेकितानः काशिराजश्च वीर्यवान् |
पुरुजित्कुन्तिभोजश्च शैब्यश्च नरपुंगवः ||१-५||","1.5. ""Dhrishtaketu, chekitana and the valiant king of Kasi, Purujit
and Kuntibhoja and Saibya, the best men.",Karma Yoga
1,6,"युधामन्युश्च विक्रान्त उत्तमौजाश्च वीर्यवान् |
सौभद्रो द्रौपदेयाश्च सर्व एव महारथाः ||१-६||","1.6. ""The strong Yodhamanyu and the brave Uttamaujas, the son
of Subhadra (Abhimanyu, the son of Subhadra and Arjuna), and the sons of
Draupadi, all of great chariots (great heroes).",Bhakti Yoga
1,7,"अस्माकं तु विशिष्टा ये तान्निबोध द्विजोत्तम |
नायका मम सैन्यस्य संज्ञार्थं तान्ब्रवीमि ते ||१-७||","1.7. ""Know also, O best among the twice-born! the names of those
who are the most distinguished amongst ourselves, the leaders of my army;
these I name to thee for thy information.",Bhakti Yoga
1,8,"भवान्भीष्मश्च कर्णश्च कृपश्च समितिञ्जयः |
अश्वत्थामा विकर्णश्च सौमदत्तिस्तथैव च ||१-८||","1.8. ""Thyself and Bhishma, and Karna and also Kripa, the victorious
in war, Asvatthama, Vikarna, and also Bhurisrava, the son of Somadatta.",Bhakti Yoga
1,9,"अन्ये च बहवः शूरा मदर्थे त्यक्तजीविताः |
नानाशस्त्रप्रहरणाः सर्वे युद्धविशारदाः ||१-९||","1.9. ""And also many other heroes who are ready to give up their
lives for my sake, armed with various weapons and missiles, all well-skilled
in battle.",Karma Yoga
1,10,"अपर्याप्तं तदस्माकं बलं भीष्माभिरक्षितम् |
पर्याप्तं त्विदमेतेषां बलं भीमाभिरक्षितम् ||१-१०||","1.10. ""This army of ours marshalled by Bhishma is insufficient,
whereas that army of theirs marshelled by Bhima is sufficient.",Karma Yoga
1,11,"अयनेषु च सर्वेषु यथाभागमवस्थिताः |
भीष्ममेवाभिरक्षन्तु भवन्तः सर्व एव हि ||१-११||","1.11. ""Therefore do ye all, stationed in your respective positions,
in the several divisions of the army, protect Bhishma alone.""",Karma Yoga
1,12,"तस्य सञ्जनयन्हर्षं कुरुवृद्धः पितामहः |
सिंहनादं विनद्योच्चैः शङ्खं दध्मौ प्रतापवान् ||१-१२||","1.12. His glorious grandsire (Bhishma), the oldest of the Kauravas,
in order to cheer Duryodhana, now roared like a lion, and blew his conch.",Bhakti Yoga
1,13,"ततः शङ्खाश्च भेर्यश्च पणवानकगोमुखाः |
सहसैवाभ्यहन्यन्त स शब्दस्तुमुलोऽभवत् ||१-१३||","1.13. Then (following Bhishma), conches and kettledrums, tabors,
drums and cow horns blared forth ite suddenly (from the Kaurava side)
and the sound was tremendous.",Bhakti Yoga
1,14,"ततः श्वेतैर्हयैर्युक्ते महति स्यन्दने स्थितौ |
माधवः पाण्डवश्चैव दिव्यौ शङ्खौ प्रदध्मतुः ||१-१४||","1.14. Then, also, Madhava (Krishna) and the son of Pandu (Arjuna),
seated in the magnificent chariot, yoked with white horses, blew divine
conches.",Bhakti Yoga
1,15,"पाञ्चजन्यं हृषीकेशो देवदत्तं धनञ्जयः |
पौण्ड्रं दध्मौ महाशङ्खं भीमकर्मा वृकोदरः ||१-१५||","1.15. Hrishikesha blew the Panchajanya and Arjuna blew the Devadatta
and Bhima (the wolf-bellied), the doer of terrible deeds, blew the great
conch Paundra.",Bhakti Yoga
1,16,"अनन्तविजयं राजा कुन्तीपुत्रो युधिष्ठिरः |
नकुलः सहदेवश्च सुघोषमणिपुष्पकौ ||१-१६||","1.16. The king Yodhishthira, the son of Kunti, blew the Anantavijaya;
Nakula and Sahadeva blew the Sughosha and the Manipushpaka.",Bhakti Yoga
1,17,"काश्यश्च परमेष्वासः शिखण्डी च महारथः |
धृष्टद्युम्नो विराटश्च सात्यकिश्चापराजितः ||१-१७||","1.17. The king of Kasi, an exellent archer, Sikhandi, the mighty
car-warrior, Dhrishtadyumna and Virata and Satyaki, the unconered.",Bhakti Yoga
1,18,"द्रुपदो द्रौपदेयाश्च सर्वशः पृथिवीपते |
सौभद्रश्च महाबाहुः शङ्खान्दध्मुः पृथक्पृथक् ||१-१८||","1.18. Drupada and the sons of Draupadi, O Lord of the earth, and
the son of Subhadra, the mighty-armed, blew their conches separately.",Bhakti Yoga
1,19,"स घोषो धार्तराष्ट्राणां हृदयानि व्यदारयत् |
नभश्च पृथिवीं चैव तुमुलोऽभ्यनुनादयन् (or लोव्यनु) ||१-१९||","1.19. That tumultuous sound rent the hearts of (the members of)
Dhritarashtra's party, making both the heaven and the earth resound.",Bhakti Yoga
1,20,"अथ व्यवस्थितान्दृष्ट्वा धार्तराष्ट्रान् कपिध्वजः |
प्रवृत्ते शस्त्रसम्पाते धनुरुद्यम्य पाण्डवः |
हृषीकेशं तदा वाक्यमिदमाह महीपते ||१-२०||","1.20. Then, seeing the people of Dhritarashtra’s party standing
arrayed and the discharge of weapons about to begin, Arjuna, the son of
Pandu, whose ensign was a monkey, took up his bow and said the following
to Krishna, O Lord of the earth.",Bhakti Yoga
1,21,"अर्जुन उवाच |
सेनयोरुभयोर्मध्ये रथं स्थापय मेऽच्युत ||१-२१||","1.21 Arjuna said  In the middle between the two armies, place my chariot,
O krishna, so that I may behold those who stand here desirous to fight,
and know with whom I must fight, when the battle is about to commence.",Bhakti Yoga
1,22,"यावदेतान्निरीक्षेऽहं योद्धुकामानवस्थितान् |
कैर्मया सह योद्धव्यमस्मिन् रणसमुद्यमे ||१-२२||","1.22. Arjuna said  In the middle between the two armies, place my chariot,
O krishna, so that I may behold those who stand here desirous to fight,
and know with whom I must fight, when the battle is about to commence.",Bhakti Yoga
1,23,"योत्स्यमानानवेक्षेऽहं य एतेऽत्र समागताः |
धार्तराष्ट्रस्य दुर्बुद्धेर्युद्धे प्रियचिकीर्षवः ||१-२३||","1.23. For I desire to observe those who are assembled here to fight,
wishing to please in battle the evil-minded Duryodhana (the son of Dhritarashtra).",Bhakti Yoga
1,24,"सञ्जय उवाच |
एवमुक्तो हृषीकेशो गुडाकेशेन भारत |
सेनयोरुभयोर्मध्ये स्थापयित्वा रथोत्तमम् ||१-२४||","1.24. Sanjaya said  Thus addressed by Arjuna, Krishna, having stationed that
best of chariots, O Dhritarashtra, in the midst of the two armies.",Bhakti Yoga
1,25,"भीष्मद्रोणप्रमुखतः सर्वेषां च महीक्षिताम् |
उवाच पार्थ पश्यैतान्समवेतान्कुरूनिति ||१-२५||","1.25. In front of Bhishma and Drona, and all the rulers of the
earth, said: ""O Arjuna (son of Pritha), behold these Kurus gathered together.""",Bhakti Yoga
1,26,"तत्रापश्यत्स्थितान्पार्थः पितॄनथ पितामहान् |
आचार्यान्मातुलान्भ्रातॄन्पुत्रान्पौत्रान्सखींस्तथा ||१-२६||","1.26. Then, Arjuna (son of Pritha) saw there (in the armies) stationed,
fathers and grandfathers, teachers, maternal uncles, brothers, sons, grandsons
and friends too.",Bhakti Yoga
1,27,"श्वशुरान्सुहृदश्चैव सेनयोरुभयोरपि |
तान्समीक्ष्य स कौन्तेयः सर्वान्बन्धूनवस्थितान् ||१-२७||","1.27. (He saw) fathers-in-law and friends also in both the armies.
The son of Kunti, Arjuna, seeing all those kinsmen thus standing arrayed,
spoke this, sorrowfully filled with deep pity.",Bhakti Yoga
1,28,"कृपया परयाविष्टो विषीदन्निदमब्रवीत् |
अर्जुन उवाच |
दृष्ट्वेमं स्वजनं कृष्ण युयुत्सुं समुपस्थितम् ||१-२८||","1.28. Arjuna said  Seeing these, my kinsmen, O krishna, arrayed, eager to fight.",Bhakti Yoga
1,29,"सीदन्ति मम गात्राणि मुखं च परिशुष्यति |
वेपथुश्च शरीरे मे रोमहर्षश्च जायते ||१-२९||","1.29. My limbs fail and my mouth is parched, my body ivers and
my hair stands on end.",Jnana Yoga
1,30,"गाण्डीवं स्रंसते हस्तात्त्वक्चैव परिदह्यते |
न च शक्नोम्यवस्थातुं भ्रमतीव च मे मनः ||१-३०||","1.30. The (bow) Gandiva slips from my hand, and also my skins burns
all over; I am unable even to stand and my mind is reeling, as it were.",Bhakti Yoga
1,31,"निमित्तानि च पश्यामि विपरीतानि केशव |
न च श्रेयोऽनुपश्यामि हत्वा स्वजनमाहवे ||१-३१||","1.31. And I see adverse omens, O Kesava. I do not see any good
in killing my kinsmen in battle.",Bhakti Yoga
1,32,"न काङ्क्षे विजयं कृष्ण न च राज्यं सुखानि च |
किं नो राज्येन गोविन्द किं भोगैर्जीवितेन वा ||१-३२||","1.32. I desire not victory, O Krishna, nor kingdom, nor pleasures.
Of what avail is dominion to us, O Krishna, or pleasures or even life?",Bhakti Yoga
1,33,"येषामर्थे काङ्क्षितं नो राज्यं भोगाः सुखानि च |
त इमेऽवस्थिता युद्धे प्राणांस्त्यक्त्वा धनानि च ||१-३३||","1.33. Those for whose sake we desire kingdom, enjoyments and pleasures,
stand here in battle, having renounced life and wealth.",Bhakti Yoga
1,34,"आचार्याः पितरः पुत्रास्तथैव च पितामहाः |
मातुलाः श्वशुराः पौत्राः श्यालाः सम्बन्धिनस्तथा ||१-३४||","1.34. Teachers, fathers, sons and also grandfathers, maternal uncles,
fathers-in-law, grandsons, brothers-in-law and other relatives,-",Karma Yoga
1,35,"एतान्न हन्तुमिच्छामि घ्नतोऽपि मधुसूदन |
अपि त्रैलोक्यराज्यस्य हेतोः किं नु महीकृते ||१-३५||","1.35. These I do not wish to kill, though they kill me, O Krishna,
even for the sake of dominion over the three worlds; leave alone killing
them for the sake of the earth.",Bhakti Yoga
1,36,"निहत्य धार्तराष्ट्रान्नः का प्रीतिः स्याज्जनार्दन |
पापमेवाश्रयेदस्मान्हत्वैतानाततायिनः ||१-३६||","1.36. By killing these sons of Dhritarashtra, what pleasure can
be ours, O Janardana? Only sin will accrue to us from killing these felons.",Bhakti Yoga
1,37,"तस्मान्नार्हा वयं हन्तुं धार्तराष्ट्रान्स्वबान्धवान् |
स्वजनं हि कथं हत्वा सुखिनः स्याम माधव ||१-३७||","1.37. Therefore, we should not kill the sons of Dhritarashtra,
our relatives; for how can we be happy by killing our own people, O Madhava
(Krishna)?",Bhakti Yoga
1,38,"यद्यप्येते न पश्यन्ति लोभोपहतचेतसः |
कुलक्षयकृतं दोषं मित्रद्रोहे च पातकम् ||१-३८||","1.38. Though they, with intelligence overpowered by greed, see
no evil in the destruction of families, and no sin in hostility to friends,",Bhakti Yoga
1,39,"कथं न ज्ञेयमस्माभिः पापादस्मान्निवर्तितुम् |
कुलक्षयकृतं दोषं प्रपश्यद्भिर्जनार्दन ||१-३९||","1.39. Why should not we who clearly see evil in the destruction
of families, learn to turn away from this sin, O Janardana (Krishna)?",Bhakti Yoga
1,40,"कुलक्षये प्रणश्यन्ति कुलधर्माः सनातनाः |
धर्मे नष्टे कुलं कृत्स्नमधर्मोऽभिभवत्युत ||१-४०||","1.40. In the destruction of a family, the immemorial religious
rites of that family perish; on the destruction of spirituality, impiety,
indeed, overcomes the whole family.",Bhakti Yoga
1,41,"अधर्माभिभवात्कृष्ण प्रदुष्यन्ति कुलस्त्रियः |
स्त्रीषु दुष्टासु वार्ष्णेय जायते वर्णसङ्करः ||१-४१||","1.41. By the prevalence of impiety, O Krishna, the women of
the family become corrupt; and , women being corrupted, O Varshenya (descendant
of Vrishni), there arises intermingling of castes.",Bhakti Yoga
1,42,"सङ्करो नरकायैव कुलघ्नानां कुलस्य च |
पतन्ति पितरो ह्येषां लुप्तपिण्डोदकक्रियाः ||१-४२||","1.42. Confusion of castes leads to hell the slayers of the family,
for their forefathers fall, deprived of the offerings of rice-ball and
water (libations).",Bhakti Yoga
1,43,"दोषैरेतैः कुलघ्नानां वर्णसङ्करकारकैः |
उत्साद्यन्ते जातिधर्माः कुलधर्माश्च शाश्वताः ||१-४३||","1.43. By these evil deeds of the destroyers of the family, which
cause confusion of castes, the eternal religious rites of the caste and
the family are destroyed.",Bhakti Yoga
1,44,"उत्सन्नकुलधर्माणां मनुष्याणां जनार्दन |
नरके नियतं वासो भवतीत्यनुशुश्रुम (or नरकेऽनियतं) ||१-४४||","1.44. We have heard, O Janardana, that inevitable is the dwelling
for an unknown period in hell for those men in whose families the religious
practices have been destroyed.",Bhakti Yoga
1,45,"अहो बत महत्पापं कर्तुं व्यवसिता वयम् |
यद्राज्यसुखलोभेन हन्तुं स्वजनमुद्यताः ||१-४५||","1.45. Alas! We are involved in a great sin, in that we are
prepared to kill our kinsmen, through greed for the pleasures of a kingdom.",Bhakti Yoga
1,46,"यदि मामप्रतीकारमशस्त्रं शस्त्रपाणयः |
धार्तराष्ट्रा रणे हन्युस्तन्मे क्षेमतरं भवेत् ||१-४६||","1.46. If the sons of Dhritarashtra with weapons in hand should
slay me in battle, unresisting and unarmed, that would be better for me.",Bhakti Yoga
1,47,"सञ्जय उवाच |
एवमुक्त्वार्जुनः सङ्ख्ये रथोपस्थ उपाविशत् |
विसृज्य सशरं चापं शोकसंविग्नमानसः ||१-४७||","1.47. Sanjaya said  Having thus spoken in the midst of the battlefield, Arjuna,
casting away his bow and arrow, sat down on the seat of the chariot with
his mind overwhelmed with sorrow.",Bhakti Yoga
2,1,"सञ्जय उवाच |
तं तथा कृपयाविष्टमश्रुपूर्णाकुलेक्षणम् |
विषीदन्तमिदं वाक्यमुवाच मधुसूदनः ||२-१||","2.1 Sanjaya said  To him who was thus overcome with pity and who was despondent, with eyes full of tears and agitated, Madhusudana (the destroyer of Madhu) or Krishna spoke these words.",Bhakti Yoga
2,2,"श्रीभगवानुवाच |
कुतस्त्वा कश्मलमिदं विषमे समुपस्थितम् |
अनार्यजुष्टमस्वर्ग्यमकीर्तिकरमर्जुन ||२-२||","2.2 The Blessed Lord said  Whence is this perilous strait come upon thee, this dejection which is unworthy of you, disgraceful, and which will close the gates of heaven upon you, O Arjuna?",Bhakti Yoga
2,3,"क्लैब्यं मा स्म गमः पार्थ नैतत्त्वय्युपपद्यते |
क्षुद्रं हृदयदौर्बल्यं त्यक्त्वोत्तिष्ठ परन्तप ||२-३||","2.3 Yield not to impotence, O Arjuna, son of Pritha. It does not befit thee. Cast off this mean weakness of the heart! Stand up, O scorcher of the foes!",Bhakti Yoga
2,4,"अर्जुन उवाच |
कथं भीष्ममहं सङ्ख्ये द्रोणं च मधुसूदन |
इषुभिः प्रतियोत्स्यामि पूजार्हावरिसूदन ||२-४||","2.4 Arjuna said  How, O Madhusudana, shall I fight in battle with arrows against Bhishma and Drona, who are fit to be worshipped, O destroyer of enemies?",Bhakti Yoga
2,5,"गुरूनहत्वा हि महानुभावान्
श्रेयो भोक्तुं भैक्ष्यमपीह लोके |
हत्वार्थकामांस्तु गुरूनिहैव
भुञ्जीय भोगान् रुधिरप्रदिग्धान् ||२-५||","2.5 Better it is, indeed, in this world to accept alms than to slay the most noble teachers. But if I kill them, even in this world all my enjoyments of wealth and fulfilled desires will be stained with (their) blood.",Bhakti Yoga
2,6,"न चैतद्विद्मः कतरन्नो गरीयो
यद्वा जयेम यदि वा नो जयेयुः |
यानेव हत्वा न जिजीविषामस्-
तेऽवस्थिताः प्रमुखे धार्तराष्ट्राः ||२-६||","2.6 I can hardly tell which will be better, that we should  coner them or that they should coner us. Even the sons of Dhritarashtra, after slaying whom we do not wish to live, stand facing us.",Bhakti Yoga
2,7,"कार्पण्यदोषोपहतस्वभावः
पृच्छामि त्वां धर्मसम्मूढचेताः |
यच्छ्रेयः स्यान्निश्चितं ब्रूहि तन्मे
शिष्यस्तेऽहं शाधि मां त्वां प्रपन्नम् ||२-७||",2.7 My heart is overpowered by the taint of pity; my mind is confused as to duty. I ask Thee: Tell me decisively what is good for me. I am Thy disciple. Instruct me who has taken refuge in Thee.,Bhakti Yoga
2,8,"न हि प्रपश्यामि ममापनुद्याद्
यच्छोकमुच्छोषणमिन्द्रियाणाम् |
अवाप्य भूमावसपत्नमृद्धं
राज्यं सुराणामपि चाधिपत्यम् ||२-८||","2.8 I do not see that it would remove this sorrow that burns up my senses, even if I should attain prosperous and unrivalled dominion on earth or lordship over the gods.",Bhakti Yoga
2,9,"सञ्जय उवाच |
एवमुक्त्वा हृषीकेशं गुडाकेशः परन्तप |
न योत्स्य इति गोविन्दमुक्त्वा तूष्णीं बभूव ह ||२-९||","2.9 Sanjaya said  Having spoken thus to Hrishikesha (the Lord of the senses), Arjuna (the coneror of sleep), the destroyer of foes, said to Krishna, ""I will not fight"" and became silent.",Bhakti Yoga
2,10,"तमुवाच हृषीकेशः प्रहसन्निव भारत |
सेनयोरुभयोर्मध्ये विषीदन्तमिदं वचः ||२-१०||","2.10 To him who was despondent in the midst of the two armies, Krishna, as if smiling, O Bharata, spoke these words.",Bhakti Yoga
2,11,"श्रीभगवानुवाच |
अशोच्यानन्वशोचस्त्वं प्रज्ञावादांश्च भाषसे |
गतासूनगतासूंश्च नानुशोचन्ति पण्डिताः ||२-११||","2.11 The Blessed Lord said  Thou hast grieved for those that should not be grieved for, yet thou speakest words of wisdom. The wise grieve neither for the living nor for the dead.",Bhakti Yoga
2,12,"न त्वेवाहं जातु नासं न त्वं नेमे जनाधिपाः |
न चैव न भविष्यामः सर्वे वयमतः परम् ||२-१२||","2.12 Nor at any time indeed was I not, nor thou, nor these rulers of men, nor verily shall we ever cease to be hereafter.",Bhakti Yoga
2,13,"देहिनोऽस्मिन्यथा देहे कौमारं यौवनं जरा |
तथा देहान्तरप्राप्तिर्धीरस्तत्र न मुह्यति ||२-१३||","2.13 Just as in this body the embodied (soul) passes into childhood, youth and old age, so also does it pass into another body; the firm man does not grieve thereat.",Jnana Yoga
2,14,"मात्रास्पर्शास्तु कौन्तेय शीतोष्णसुखदुःखदाः |
आगमापायिनोऽनित्यास्तांस्तितिक्षस्व भारत ||२-१४||","2.14 The contacts of the senses with the objects, O son of Kunti, which cause heat and cold, pleasure and pain, have a beginning and an end; they are impermanent; endure them bravely, O Arjuna.",Bhakti Yoga
2,15,"यं हि न व्यथयन्त्येते पुरुषं पुरुषर्षभ |
समदुःखसुखं धीरं सोऽमृतत्वाय कल्पते ||२-१५||","2.15 That firm man whom, surely, these afflict not, O chief among men, to whom pleasure and pain are the same, is fit for attaining immortality.",Bhakti Yoga
2,16,"नासतो विद्यते भावो नाभावो विद्यते सतः |
उभयोरपि दृष्टोऽन्तस्त्वनयोस्तत्त्वदर्शिभिः ||२-१६||",2.16 The unreal hath no being; there is non-being of the real; the truth about both has been seen by the knowers of the Truth (or the seers of the Essence).,Jnana Yoga
2,17,"अविनाशि तु तद्विद्धि येन सर्वमिदं ततम् |
विनाशमव्ययस्यास्य न कश्चित्कर्तुमर्हति ||२-१७||","2.17 Know that to be indestructible, by Which all this is pervaded. None can cause the destruction of That, the Imperishable.",Jnana Yoga
2,18,"अन्तवन्त इमे देहा नित्यस्योक्ताः शरीरिणः |
अनाशिनोऽप्रमेयस्य तस्माद्युध्यस्व भारत ||२-१८||","2.18 These bodies of the embodied Self, Which is eternal, indestructible and immeasurable, are said to have an end. Therefore fight, O Arjuna.",Bhakti Yoga
2,19,"य एनं वेत्ति हन्तारं यश्चैनं मन्यते हतम् |
उभौ तौ न विजानीतो नायं हन्ति न हन्यते ||२-१९||","2.19 He who takes the Self to be the slayer and he who thinks It is slain, neither of them ï1knowsï1. It slays not, nor is It slain.",Bhakti Yoga
2,20,"न जायते म्रियते वा कदाचिन्
नायं भूत्वा भविता वा न भूयः |
अजो नित्यः शाश्वतोऽयं पुराणो
न हन्यते हन्यमाने शरीरे ||२-२०||","2.20 It is not born, nor does It ever die; after having been, It again ceases not to be; unborn, eternal, changeless and ancient, It is not killed when the body is killed.",Bhakti Yoga
2,21,"वेदाविनाशिनं नित्यं य एनमजमव्ययम् |
कथं स पुरुषः पार्थ कं घातयति हन्ति कम् ||२-२१||","2.21 Whosoever knows It to be indestructible, eternal, unborn and inexhaustible, how can that man slay, O Arjuna, or cause to be slain?",Bhakti Yoga
2,22,"वासांसि जीर्णानि यथा विहाय
नवानि गृह्णाति नरोऽपराणि |
तथा शरीराणि विहाय जीर्णा-
न्यन्यानि संयाति नवानि देही ||२-२२||","2.22 Just as a man casts off worn-out clothes and puts on new ones, so also the embodied Self casts off worn-out bodies and enters others which are new.",Jnana Yoga
2,23,"नैनं छिन्दन्ति शस्त्राणि नैनं दहति पावकः |
न चैनं क्लेदयन्त्यापो न शोषयति मारुतः ||२-२३||","2.23 Weapons cut It not, fire burns It not, water wets It not, wind dries It not.",Karma Yoga
2,24,"अच्छेद्योऽयमदाह्योऽयमक्लेद्योऽशोष्य एव च |
नित्यः सर्वगतः स्थाणुरचलोऽयं सनातनः ||२-२४||","2.24 This Self cannot be cut, burnt, wetted, nor dried up. It is eternal, all-pervading, stable, immovable and ancient.",Jnana Yoga
2,25,"अव्यक्तोऽयमचिन्त्योऽयमविकार्योऽयमुच्यते |
तस्मादेवं विदित्वैनं नानुशोचितुमर्हसि ||२-२५||","2.25 This (Self) is said to be unmanifested, unthinkable and unchangeable. Therefore, knowing This to be such, thou shouldst not grieve.",Jnana Yoga
2,26,"अथ चैनं नित्यजातं नित्यं वा मन्यसे मृतम् |
तथापि त्वं महाबाहो नैवं शोचितुमर्हसि ||२-२६||","2.26 But even if thou thinkest of It as being constantly born and constantly dying, even then, O mighty-armed, thou shouldst not grieve.",Bhakti Yoga
2,27,"जातस्य हि ध्रुवो मृत्युर्ध्रुवं जन्म मृतस्य च |
तस्मादपरिहार्येऽर्थे न त्वं शोचितुमर्हसि ||२-२७||","2.27 For certain is death for the born, and certain is birth for the dead; therefore, over the inevitable thou shouldst not grieve.",Bhakti Yoga
2,28,"अव्यक्तादीनि भूतानि व्यक्तमध्यानि भारत |
अव्यक्तनिधनान्येव तत्र का परिदेवना ||२-२८||","2.28 Beings are unmanifested in their beginning, manifested in their middle state, O Arjuna, and unmanifested again in their end. What is there to grieve about?",Bhakti Yoga
2,29,"आश्चर्यवत्पश्यति कश्चिदेन-
माश्चर्यवद्वदति तथैव चान्यः |
आश्चर्यवच्चैनमन्यः शृणोति
श्रुत्वाप्येनं वेद न चैव कश्चित् ||२-२९||","2.29 One sees This (the Self) as a wonder; another speaks of It as a wonder; another hears of It as a wonder; yet having heard, none understands It at all.",Jnana Yoga
2,30,"देही नित्यमवध्योऽयं देहे सर्वस्य भारत |
तस्मात्सर्वाणि भूतानि न त्वं शोचितुमर्हसि ||२-३०||","2.30 This, the Indweller in the body of everyone, is ever indestructible, O Arjuna; therefore, thou shouldst not grieve for any creature.",Bhakti Yoga
2,31,"स्वधर्ममपि चावेक्ष्य न विकम्पितुमर्हसि |
धर्म्याद्धि युद्धाच्छ्रेयोऽन्यत्क्षत्रियस्य न विद्यते ||२-३१||","2.31 Further, having regard to thy duty, shouldst not waver, for there is nothing higher for a Kshatriya than a righteous war.",Bhakti Yoga
2,32,"यदृच्छया चोपपन्नं स्वर्गद्वारमपावृतम् |
सुखिनः क्षत्रियाः पार्थ लभन्ते युद्धमीदृशम् ||२-३२||","2.32 Happy are the Kshatriyas, O Arjuna! who are called upon to fight in such a battle that comes of itself as an open door to heaven.",Bhakti Yoga
2,33,"अथ चेत्त्वमिमं धर्म्यं संग्रामं न करिष्यसि |
ततः स्वधर्मं कीर्तिं च हित्वा पापमवाप्स्यसि ||२-३३||","2.33 But if thou wilt not fight this righteous war, then having abandoned thine own duty and fame, thou shalt incur sin.",Bhakti Yoga
2,34,"अकीर्तिं चापि भूतानि कथयिष्यन्ति तेऽव्ययाम् |
सम्भावितस्य चाकीर्तिर्मरणादतिरिच्यते ||२-३४||","2.34 People, too, will recount thy everlasting dishonour; and to one who has been honoured, dishonour is worse than death.",Bhakti Yoga
2,35,"भयाद्रणादुपरतं मंस्यन्ते त्वां महारथाः |
येषां च त्वं बहुमतो भूत्वा यास्यसि लाघवम् ||२-३५||",2.35 The great car-warriors will think that thou hast withdrawn from the battle through fear; and thou wilt be lightly held by them who have thought much of thee.,Bhakti Yoga
2,36,"अवाच्यवादांश्च बहून्वदिष्यन्ति तवाहिताः |
निन्दन्तस्तव सामर्थ्यं ततो दुःखतरं नु किम् ||२-३६||","2.36 Thy enemies also, cavilling at thy power, will speak many abusive words. What is more painful than this?",Bhakti Yoga
2,37,"हतो वा प्राप्स्यसि स्वर्गं जित्वा वा भोक्ष्यसे महीम् |
तस्मादुत्तिष्ठ कौन्तेय युद्धाय कृतनिश्चयः ||२-३७||","2.37 Slain, thou wilt obtain heaven; victorious, thou wilt enjoy the earth; therefore, stand up, O son of Kunti, resolved to fight.",Bhakti Yoga
2,38,"सुखदुःखे समे कृत्वा लाभालाभौ जयाजयौ |
ततो युद्धाय युज्यस्व नैवं पापमवाप्स्यसि ||२-३८||","2.38 Having made pleasure and pain, gain and loss, victory and defeat the same, engage thou in battle for the sake of battle; thus thou shalt not incur sin.",Bhakti Yoga
2,39,"एषा तेऽभिहिता साङ्ख्ये बुद्धिर्योगे त्विमां शृणु |
बुद्ध्या युक्तो यया पार्थ कर्मबन्धं प्रहास्यसि ||२-३९||","2.39 This, which has been taught to thee, is wisdon concerning Sankhya. Now listen to wisdom concerning Yoga, endowed with which, O Arjuna, thou shalt cast off the bonds of action.",Bhakti Yoga
2,40,"नेहाभिक्रमनाशोऽस्ति प्रत्यवायो न विद्यते |
स्वल्पमप्यस्य धर्मस्य त्रायते महतो भयात् ||२-४०||","2.40 In this there is no loss of effort, nor is there any harm (production of contrary results or transgression). Even a little of this knowledge (even a little practice of this Yoga) protects one from great fear.",Karma Yoga
2,41,"व्यवसायात्मिका बुद्धिरेकेह कुरुनन्दन |
बहुशाखा ह्यनन्ताश्च बुद्धयोऽव्यवसायिनाम् ||२-४१||","2.41 Here, O joy of the Kurus, there is but a single one-pointed determination; many-branched and endless are the thoughts of the irresolute.",Jnana Yoga
2,42,"यामिमां पुष्पितां वाचं प्रवदन्त्यविपश्चितः |
वेदवादरताः पार्थ नान्यदस्तीति वादिनः ||२-४२||","2.42 Flowery speech is uttered by the unwise, taking pleasure in the eulogising words of the Vedas, O Arjuna, saying, ""There is nothing else.""",Bhakti Yoga
2,43,"कामात्मानः स्वर्गपरा जन्मकर्मफलप्रदाम् |
क्रियाविशेषबहुलां भोगैश्वर्यगतिं प्रति ||२-४३||","2.43 Full of desires, having heaven as their goal, (they utter speech which is directed to ends) leading to new births as the result of their works, and prescribe various methods abounding in specific actions, for the attainment of pleasure and power.",Bhakti Yoga
2,44,"भोगैश्वर्यप्रसक्तानां तयापहृतचेतसाम् |
व्यवसायात्मिका बुद्धिः समाधौ न विधीयते ||२-४४||","2.44 For those who are attached to pleasure and power, whose minds are drawn away by such teaching, ï1thatï1 determinate reason is not formed which is steadily bent on meditation and Samadhi (superconscious state).",Bhakti Yoga
2,45,"त्रैगुण्यविषया वेदा निस्त्रैगुण्यो भवार्जुन |
निर्द्वन्द्वो नित्यसत्त्वस्थो निर्योगक्षेम आत्मवान् ||२-४५||","2.45 The Vedas deal with the three attributes (of Nature); be thou above these three attributes. O Arjuna, free yourself from the pairs of opposites, and ever remain in the ality of Sattva (goodness), freed from (the thought of) acisition and preservation, and be established in the Self.",Bhakti Yoga
2,46,"यावानर्थ उदपाने सर्वतः सम्प्लुतोदके |
तावान्सर्वेषु वेदेषु ब्राह्मणस्य विजानतः ||२-४६||","2.46 To the Brahmana who has known the Self, all the Vedas are of as much use as is a reservoir of water in a place where there is a flood.",Jnana Yoga
2,47,"कर्मण्येवाधिकारस्ते मा फलेषु कदाचन |
मा कर्मफलहेतुर्भूर्मा ते सङ्गोऽस्त्वकर्मणि ||२-४७||","2.47 Thy right is to work only, but never with its fruits; let not the fruits of action be thy motive, nor let thy attachment be to inaction.",Bhakti Yoga
2,48,"योगस्थः कुरु कर्माणि सङ्गं त्यक्त्वा धनञ्जय |
सिद्ध्यसिद्ध्योः समो भूत्वा समत्वं योग उच्यते ||२-४८||","2.48 Perform action, O Arjuna, being steadfast in Yoga, abandoning attachment and balanced in success and failure. Evenness of mind is called Yoga.",Karma Yoga
2,49,"दूरेण ह्यवरं कर्म बुद्धियोगाद्धनञ्जय |
बुद्धौ शरणमन्विच्छ कृपणाः फलहेतवः ||२-४९||","2.49 Far lower than the Yoga of wisdon is action, O Arjuna. Seek thou refuge in wisdom; wretched are they whose motive is the fruit.",Bhakti Yoga
2,50,"बुद्धियुक्तो जहातीह उभे सुकृतदुष्कृते |
तस्माद्योगाय युज्यस्व योगः कर्मसु कौशलम् ||२-५०||","2.50 Endowed with wisdom (evenness of mind), one casts off in this life both good and evil deeds; therefore, devote thyself to Yoga; Yoga is skill in action.",Jnana Yoga
2,51,"कर्मजं बुद्धियुक्ता हि फलं त्यक्त्वा मनीषिणः |
जन्मबन्धविनिर्मुक्ताः पदं गच्छन्त्यनामयम् ||२-५१||","2.51 The wise, possessed of knowledge, having abandoned the fruits of their actions, and being freed from the fetters of birth, go to the place which is beyond all evil.",Bhakti Yoga
2,52,"यदा ते मोहकलिलं बुद्धिर्व्यतितरिष्यति |
तदा गन्तासि निर्वेदं श्रोतव्यस्य श्रुतस्य च ||२-५२||","2.52 When thy intellect crosses beyond the mire of delusion, then thou shalt attain to indifference as to what has been heard and what has yet to be heard.",Bhakti Yoga
2,53,"श्रुतिविप्रतिपन्ना ते यदा स्थास्यति निश्चला |
समाधावचला बुद्धिस्तदा योगमवाप्स्यसि ||२-५३||","2.53 When thy intellect, which is perplexed by the Veda text, which thou hast read, shall stand immovable and steady in the Self, then thou shalt attain Self-realisation.",Jnana Yoga
2,54,"अर्जुन उवाच |
स्थितप्रज्ञस्य का भाषा समाधिस्थस्य केशव |
स्थितधीः किं प्रभाषेत किमासीत व्रजेत किम् ||२-५४||","2.54 Arjuna said  What, O Krishna, is the description of him who has steady wisdom, and is merged in the superconscious state? How does one of steady wisdom speak, how does he sit, how does he walk?",Jnana Yoga
2,55,"श्रीभगवानुवाच |
प्रजहाति यदा कामान्सर्वान्पार्थ मनोगतान् |
आत्मन्येवात्मना तुष्टः स्थितप्रज्ञस्तदोच्यते ||२-५५||","2.55 The Blessed Lord said  When a man completely casts off, O Arjuna, all the desires of the mind and is satisfied in the Self by the Self, then is he said to be one of steady wisdom.",Jnana Yoga
2,56,"दुःखेष्वनुद्विग्नमनाः सुखेषु विगतस्पृहः |
वीतरागभयक्रोधः स्थितधीर्मुनिरुच्यते ||२-५६||","2.56 He whose mind is not shaken by adversity, who does not hanker after pleasures, and is free from attachment, fear and anger, is called a sage of steady wisdom.",Bhakti Yoga
2,57,"यः सर्वत्रानभिस्नेहस्तत्तत्प्राप्य शुभाशुभम् |
नाभिनन्दति न द्वेष्टि तस्य प्रज्ञा प्रतिष्ठिता ||२-५७||","2.57 He who is everywhere without attachment, on meeting with anything good or bad, who neither rejoices not hastes, his wisdom is fixed.",Bhakti Yoga
2,58,"यदा संहरते चायं कूर्मोऽङ्गानीव सर्वशः |
इन्द्रियाणीन्द्रियार्थेभ्यस्तस्य प्रज्ञा प्रतिष्ठिता ||२-५८||","2.58 When, like the tortoise which withdraws on all sides its limbs, he withdraws his senses from the sense-objects, then his wisdom becomes steady.",Jnana Yoga
2,59,"विषया विनिवर्तन्ते निराहारस्य देहिनः |
रसवर्जं रसोऽप्यस्य परं दृष्ट्वा निवर्तते ||२-५९||",2.59 The objects of the senses turn away from the abstinent man leaving the longing (behind); but his longing also turns away on seeing the Supreme.,Bhakti Yoga
2,60,"यततो ह्यपि कौन्तेय पुरुषस्य विपश्चितः |
इन्द्रियाणि प्रमाथीनि हरन्ति प्रसभं मनः ||२-६०||","2.60 The turbulent senses, O Arjuna, do violently carry away the mind of a wise man though he be striving (to control them).",Bhakti Yoga
2,61,"तानि सर्वाणि संयम्य युक्त आसीत मत्परः |
वशे हि यस्येन्द्रियाणि तस्य प्रज्ञा प्रतिष्ठिता ||२-६१||","2.61 Having restrained them all he should sit steadfast, intent on Me; his wisdom is steady whose senses are under control.",Bhakti Yoga
2,62,"ध्यायतो विषयान्पुंसः सङ्गस्तेषूपजायते |
सङ्गात्सञ्जायते कामः कामात्क्रोधोऽभिजायते ||२-६२||","2.62 When a man thinks of the objects, attachment for them arises; from attachment desire is born; from desire anger arises.",Bhakti Yoga
2,63,"क्रोधाद्भवति सम्मोहः सम्मोहात्स्मृतिविभ्रमः |
स्मृतिभ्रंशाद् बुद्धिनाशो बुद्धिनाशात्प्रणश्यति ||२-६३||",2.63 From anger comes delusion; from delusion loss of memory; from loss of memory the destruction of discrimination; from the destruction of discrimination he perishes.,Jnana Yoga
2,64,"रागद्वेषविमुक्तैस्तु विषयानिन्द्रियैश्चरन् | (or वियुक्तैस्तु)
आत्मवश्यैर्विधेयात्मा प्रसादमधिगच्छति ||२-६४||","2.64 But the self-controlled man, moving among the objects with the senses under restraint and free from attraction and repulsion, attains to peace.",Jnana Yoga
2,65,"प्रसादे सर्वदुःखानां हानिरस्योपजायते |
प्रसन्नचेतसो ह्याशु बुद्धिः पर्यवतिष्ठते ||२-६५||",2.65 In that peace all pains are destroyed; for the intellect of the tranil-minded soon becomes steady.,Jnana Yoga
2,66,"नास्ति बुद्धिरयुक्तस्य न चायुक्तस्य भावना |
न चाभावयतः शान्तिरशान्तस्य कुतः सुखम् ||२-६६||","2.66 There is no knowledge of the Self to the unsteady and to the unsteady no meditation is possible, and to the unmeditative there can be no peace, and to the man who has no peace, how can there be happiness?",Jnana Yoga
2,67,"इन्द्रियाणां हि चरतां यन्मनोऽनुविधीयते |
तदस्य हरति प्रज्ञां वायुर्नावमिवाम्भसि ||२-६७||","2.67 For the mind, which follows in the wake of the wandering senses, carries away his discrimination, as the wind (carries away) a boat on the waters.",Bhakti Yoga
2,68,"तस्माद्यस्य महाबाहो निगृहीतानि सर्वशः |
इन्द्रियाणीन्द्रियार्थेभ्यस्तस्य प्रज्ञा प्रतिष्ठिता ||२-६८||","2.68 Therefore, O mighty-armed Arjuna, his knowledge is steady whose senses are completely restrained from sense-objects.",Jnana Yoga
2,69,"या निशा सर्वभूतानां तस्यां जागर्ति संयमी |
यस्यां जाग्रति भूतानि सा निशा पश्यतो मुनेः ||२-६९||","2.69 That which is night to all beings, in that the self-controlled man is awake; when all beings are awake, that is night for the Muni (sage) who sees.",Bhakti Yoga
2,70,"आपूर्यमाणमचलप्रतिष्ठं
समुद्रमापः प्रविशन्ति यद्वत् |
तद्वत्कामा यं प्रविशन्ति सर्वे
स शान्तिमाप्नोति न कामकामी ||२-७०||","2.70 He attains peace into whom all desires enter as waters enter the ocean which, filled from all sides, remains unmoved; but not the man who is full of desires.",Bhakti Yoga
2,71,"विहाय कामान्यः सर्वान्पुमांश्चरति निःस्पृहः |
निर्ममो निरहङ्कारः स शान्तिमधिगच्छति ||२-७१||","2.71 That man attains peace who, abandoning all desires, moves about without longing, without the sense of mine and without egoism.",Bhakti Yoga
2,72,"एषा ब्राह्मी स्थितिः पार्थ नैनां प्राप्य विमुह्यति |
स्थित्वास्यामन्तकालेऽपि ब्रह्मनिर्वाणमृच्छति ||२-७२||","2.72 This is the Brahmic seat (eternal state), O son of Pritha. Attaining to this, none is deluded. Being established therein, even at the end of life, one attains to oneness with Brahman.",Jnana Yoga
3,1,"अर्जुन उवाच |
ज्यायसी चेत्कर्मणस्ते मता बुद्धिर्जनार्दन |
तत्किं कर्मणि घोरे मां नियोजयसि केशव ||३-१||","3.1 Arjuna said  If Thou thinkest that knowledge is superior to action, O Krishna, why then, O Kesava, dost Thou ask me to engage in this terrible action?",Bhakti Yoga
3,2,"व्यामिश्रेणेव वाक्येन बुद्धिं मोहयसीव मे |
तदेकं वद निश्चित्य येन श्रेयोऽहमाप्नुयाम् ||३-२||","3.2 With this apparently perplexing speech, Thou confusest, as it were, my understanding; therefore tell me that one way for certain by which I may attain bliss.",Jnana Yoga
3,3,"श्रीभगवानुवाच |
लोकेऽस्मिन् द्विविधा निष्ठा पुरा प्रोक्ता मयानघ |
ज्ञानयोगेन साङ्ख्यानां कर्मयोगेन योगिनाम् ||३-३||","3.3 The Blessed Lord said  In this world there is a twofold path, as I said before, O sinless one; the path of knowledge of the Sankhyas and the path of action of the Yogins.",Bhakti Yoga
3,4,"न कर्मणामनारम्भान्नैष्कर्म्यं पुरुषोऽश्नुते |
न च संन्यसनादेव सिद्धिं समधिगच्छति ||३-४||",3.4 Not by non-performance of actions does man reach actionlessness; nor by mere renunciation does he attain to perfection.,Karma Yoga
3,5,"न हि कश्चित्क्षणमपि जातु तिष्ठत्यकर्मकृत् |
कार्यते ह्यवशः कर्म सर्वः प्रकृतिजैर्गुणैः ||३-५||",3.5 Verily none can ever remain for even a moment without performing action; for everyone is made to act helplessly indeed by the alities born of Nature.,Bhakti Yoga
3,6,"कर्मेन्द्रियाणि संयम्य य आस्ते मनसा स्मरन् |
इन्द्रियार्थान्विमूढात्मा मिथ्याचारः स उच्यते ||३-६||","3.6 He who, restraining the organs of action, sits thinking of the sense-objects in mind, he of deluded understanding is called a hypocrite.",Jnana Yoga
3,7,"यस्त्विन्द्रियाणि मनसा नियम्यारभतेऽर्जुन |
कर्मेन्द्रियैः कर्मयोगमसक्तः स विशिष्यते ||३-७||","3.7 But whosoever, controlling the senses by the mind, O Arjuna, engages himself in Karma Yoga with the organs of action, without attachment, he excels.",Bhakti Yoga
3,8,"नियतं कुरु कर्म त्वं कर्म ज्यायो ह्यकर्मणः |
शरीरयात्रापि च ते न प्रसिद्ध्येदकर्मणः ||३-८||","3.8 Do thou perform (thy) bounden duty, for action is superior to inaction and even the maintenance of the body would not be possible for thee by inaction.",Karma Yoga
3,9,"यज्ञार्थात्कर्मणोऽन्यत्र लोकोऽयं कर्मबन्धनः |
तदर्थं कर्म कौन्तेय मुक्तसङ्गः समाचर ||३-९||","3.9 The world is bound by actions other than those performed for the sake of sacrifice; do thou, therefore, O son of Kunti (Arjuna), perform action for that sake (for sacrifice alone), free from attachment.",Bhakti Yoga
3,10,"सहयज्ञाः प्रजाः सृष्ट्वा पुरोवाच प्रजापतिः |
अनेन प्रसविष्यध्वमेष वोऽस्त्विष्टकामधुक् ||३-१०||","3.10 The Creator, having in the beginning (of creation) created mankind together with sacrifice, said, ""By this shall ye propagate; let this be the milch cow of your desires (the cow which yields all the desired objects).""",Bhakti Yoga
3,11,"देवान्भावयतानेन ते देवा भावयन्तु वः |
परस्परं भावयन्तः श्रेयः परमवाप्स्यथ ||३-११||","3.11 With this do ye nourish the gods and may those gods nourish you; thus nourishing one another, ye shall attain to the highest good.",Bhakti Yoga
3,12,"इष्टान्भोगान्हि वो देवा दास्यन्ते यज्ञभाविताः |
तैर्दत्तानप्रदायैभ्यो यो भुङ्क्ते स्तेन एव सः ||३-१२||","3.12 The gods, nourished by the sacrifice, will give you the desired objects. So, he who enjoys the objects given by the gods without offering (in return) to them, is verily a thief.",Bhakti Yoga
3,13,"यज्ञशिष्टाशिनः सन्तो मुच्यन्ते सर्वकिल्बिषैः |
भुञ्जते ते त्वघं पापा ये पचन्त्यात्मकारणात् ||३-१३||",3.13 The righteous who eat the remnants of the sacrifice are freed from all sins; but those sinful ones who cook food (only) for their own sake verily eat sin.,Bhakti Yoga
3,14,"अन्नाद्भवन्ति भूतानि पर्जन्यादन्नसम्भवः |
यज्ञाद्भवति पर्जन्यो यज्ञः कर्मसमुद्भवः ||३-१४||",3.14 From food come forth beings; from rain food is produced; from sacrifice arises rain and sacrifice is born of action.,Bhakti Yoga
3,15,"कर्म ब्रह्मोद्भवं विद्धि ब्रह्माक्षरसमुद्भवम् |
तस्मात्सर्वगतं ब्रह्म नित्यं यज्ञे प्रतिष्ठितम् ||३-१५||","3.15 Know thou that action comes from Brahma and Brahma comes from the Imperishable. Therefore, the all-pervading (Brahma) ever rests in sacrifice.",Bhakti Yoga
3,16,"एवं प्रवर्तितं चक्रं नानुवर्तयतीह यः |
अघायुरिन्द्रियारामो मोघं पार्थ स जीवति ||३-१६||","3.16 He who does not follow here the wheel thus set revolving, who is of sinful life, rejoicing in the senses, he lives in vain, O Arjuna.",Bhakti Yoga
3,17,"यस्त्वात्मरतिरेव स्यादात्मतृप्तश्च मानवः |
आत्मन्येव च सन्तुष्टस्तस्य कार्यं न विद्यते ||३-१७||","3.17 But for that man who rejoices only in the Self, who is satisfied with the Self and who is content in the Self alone, verily there is nothing to do.",Jnana Yoga
3,18,"नैव तस्य कृतेनार्थो नाकृतेनेह कश्चन |
न चास्य सर्वभूतेषु कश्चिदर्थव्यपाश्रयः ||३-१८||",3.18 For him there is no interest whatever in what is done or what is not done; nor does he depend on any being for any object.,Karma Yoga
3,19,"तस्मादसक्तः सततं कार्यं कर्म समाचर |
असक्तो ह्याचरन्कर्म परमाप्नोति पूरुषः ||३-१९||","3.19 Therefore without attachment, do thou always perform action which should be done; for by performing action without attachment man reaches the Supreme.",Bhakti Yoga
3,20,"कर्मणैव हि संसिद्धिमास्थिता जनकादयः |
लोकसंग्रहमेवापि सम्पश्यन्कर्तुमर्हसि ||३-२०||",3.20 Janaka and others attained perfection verily by action only; even with a view to the protection of the masses thou shouldst perform action.,Bhakti Yoga
3,21,"यद्यदाचरति श्रेष्ठस्तत्तदेवेतरो जनः |
स यत्प्रमाणं कुरुते लोकस्तदनुवर्तते ||३-२१||","3.21 Whatsoever a great man does, that the other men also do; whatever he sets up as the standard, that the world (mankind) follows.",Jnana Yoga
3,22,"न मे पार्थास्ति कर्तव्यं त्रिषु लोकेषु किञ्चन |
नानवाप्तमवाप्तव्यं वर्त एव च कर्मणि ||३-२२||","3.22 There is nothing in the three worlds, O Arjuna, that should be done by Me, nor is there anything unattained that should be attained; yet I engage Myself in action.",Jnana Yoga
3,23,"यदि ह्यहं न वर्तेयं जातु कर्मण्यतन्द्रितः |
मम वर्त्मानुवर्तन्ते मनुष्याः पार्थ सर्वशः ||३-२३||","3.23 For, should I not ever engage Myself in action, unwearied, men would in every way follow My path, O Arjuna.",Karma Yoga
3,24,"उत्सीदेयुरिमे लोका न कुर्यां कर्म चेदहम् |
सङ्करस्य च कर्ता स्यामुपहन्यामिमाः प्रजाः ||३-२४||",3.24 These worlds would perish if I did not perform action; I should be the author of confusion of castes and destruction of these beings.,Bhakti Yoga
3,25,"सक्ताः कर्मण्यविद्वांसो यथा कुर्वन्ति भारत |
कुर्याद्विद्वांस्तथासक्तश्चिकीर्षुर्लोकसंग्रहम् ||३-२५||","3.25 As the ignorant men act from attachment to action, O Bharata (Arjuna), so should the wise act without attachment, wishing the welfare of the world.",Karma Yoga
3,26,"न बुद्धिभेदं जनयेदज्ञानां कर्मसङ्गिनाम् |
जोषयेत्सर्वकर्माणि विद्वान्युक्तः समाचरन् ||३-२६||","3.26 Let no wise man unsettle the mind of ignorant people who are attached to action; he should engage them in all actions, himself fulfilling them with devotion.",Bhakti Yoga
3,27,"प्रकृतेः क्रियमाणानि गुणैः कर्माणि सर्वशः |
अहङ्कारविमूढात्मा कर्ताहमिति मन्यते ||३-२७||","3.27 All actions are wrought in all cases by the alities of Nature only. He whose mind is deluded by egoism thinks, ""I am the doer.""",Jnana Yoga
3,28,"तत्त्ववित्तु महाबाहो गुणकर्मविभागयोः |
गुणा गुणेषु वर्तन्त इति मत्वा न सज्जते ||३-२८||","3.28 But he who knows the Truth, O mighty-armed (Arjuna), about the divisions of the alities and (their) functions, knowing that the Gunas as senses move amidst the Gunas as the sense-objects, is not attached.",Jnana Yoga
3,29,"प्रकृतेर्गुणसम्मूढाः सज्जन्ते गुणकर्मसु |
तानकृत्स्नविदो मन्दान्कृत्स्नविन्न विचालयेत् ||३-२९||",3.29 Those deluded by the alities of Nature are attached to the functions of the alities. The man of perfect knowledge should not unsettle the foolish one who is of imperfect knowledge.,Jnana Yoga
3,30,"मयि सर्वाणि कर्माणि संन्यस्याध्यात्मचेतसा |
निराशीर्निर्ममो भूत्वा युध्यस्व विगतज्वरः ||३-३०||","3.30 Renouncing all actions in Me, with the mind centred in the Self, free from hope and egoism, and from (mental) fever, do thou fight.",Bhakti Yoga
3,31,"ये मे मतमिदं नित्यमनुतिष्ठन्ति मानवाः |
श्रद्धावन्तोऽनसूयन्तो मुच्यन्ते तेऽपि कर्मभिः ||३-३१||","3.31 Those men who constantly practise this teaching of Mine with faith and without cavilling, they too are freed from actions.",Bhakti Yoga
3,32,"ये त्वेतदभ्यसूयन्तो नानुतिष्ठन्ति मे मतम् |
सर्वज्ञानविमूढांस्तान्विद्धि नष्टानचेतसः ||३-३२||","3.32 But those who carp at My teaching and do not practise it, deluded of all knowledge, and devoid of discrimination, know them to be doomed to destruction.",Jnana Yoga
3,33,"सदृशं चेष्टते स्वस्याः प्रकृतेर्ज्ञानवानपि |
प्रकृतिं यान्ति भूतानि निग्रहः किं करिष्यति ||३-३३||","3.33 Even a wise man acts in accordance with his own nature; beings will follow Nature; what can 
restraint do?",Bhakti Yoga
3,34,"इन्द्रियस्येन्द्रियस्यार्थे रागद्वेषौ व्यवस्थितौ |
तयोर्न वशमागच्छेत्तौ ह्यस्य परिपन्थिनौ ||३-३४||","3.34 Attachment and aversion for the objects of the senses abide in the senses; let none come under their sway; for, they are his foes.",Bhakti Yoga
3,35,"श्रेयान्स्वधर्मो विगुणः परधर्मात्स्वनुष्ठितात् |
स्वधर्मे निधनं श्रेयः परधर्मो भयावहः ||३-३५||","3.35 Better is one's own duty, though devoid of merit than the duty of another well discharged. Better is death in one's own duty; the duty of another is fraught with fear (is productive of danger).",Karma Yoga
3,36,"अर्जुन उवाच |
अथ केन प्रयुक्तोऽयं पापं चरति पूरुषः |
अनिच्छन्नपि वार्ष्णेय बलादिव नियोजितः ||३-३६||","3.36 Arjuna said  But impelled by what does man commit sin, though against his wishes, O Varshneya (Krishna), constrained as it were, by force?",Bhakti Yoga
3,37,"श्रीभगवानुवाच |
काम एष क्रोध एष रजोगुणसमुद्भवः |
महाशनो महापाप्मा विद्ध्येनमिह वैरिणम् ||३-३७||","3.37 The Blessed Lord said  It is desire, it is anger both of the ality of Rajas, all-devouring, all-sinful; know this as the foe here (in this world).",Bhakti Yoga
3,38,"धूमेनाव्रियते वह्निर्यथादर्शो मलेन च |
यथोल्बेनावृतो गर्भस्तथा तेनेदमावृतम् ||३-३८||","3.38 As fire is enveloped by smoke, as a mirror by dust, and as an embryo by the amnion, so is this enveloped by that.",Bhakti Yoga
3,39,"आवृतं ज्ञानमेतेन ज्ञानिनो नित्यवैरिणा |
कामरूपेण कौन्तेय दुष्पूरेणानलेन च ||३-३९||","3.39 O Arjuna, wisdom is enveloped by this constant enemy of the wise in the form of desire, which is unappeasable as fire.",Bhakti Yoga
3,40,"इन्द्रियाणि मनो बुद्धिरस्याधिष्ठानमुच्यते |
एतैर्विमोहयत्येष ज्ञानमावृत्य देहिनम् ||३-४०||","3.40 The senses, the mind and the intellect are said to be its seat; through these it deludes the embodied by veiling his wisdom.",Jnana Yoga
3,41,"तस्मात्त्वमिन्द्रियाण्यादौ नियम्य भरतर्षभ |
पाप्मानं प्रजहि ह्येनं ज्ञानविज्ञाननाशनम् ||३-४१||","3.41 Therefore, O best of the Bharatas (Arjuna), controlling the senses first, do thou kill this sinful thing, the destroyer of knowledge and realisation.",Bhakti Yoga
3,42,"इन्द्रियाणि पराण्याहुरिन्द्रियेभ्यः परं मनः |
मनसस्तु परा बुद्धिर्यो बुद्धेः परतस्तु सः ||३-४२||",3.42 They say that the senses are superior (to the body); superior to the senses is the mind; superior to the mind is the intellect; one who is superior even to the intellect is He (the Self).,Jnana Yoga
3,43,"एवं बुद्धेः परं बुद्ध्वा संस्तभ्यात्मानमात्मना |
जहि शत्रुं महाबाहो कामरूपं दुरासदम् ||३-४३||","3.43 Thus knowing Him Who is superior to the intellect and restraining the self by the Self, slay thou, O mighty-armed Arjuna, the enemy in the form of desire, hard to coner.",Bhakti Yoga
4,1,"श्रीभगवानुवाच |
इमं विवस्वते योगं प्रोक्तवानहमव्ययम् |
विवस्वान्मनवे प्राह मनुरिक्ष्वाकवेऽब्रवीत् ||४-१||",4.1 The Blessed Lord said  I taught this imperishable Yoga to Vivasvan; he told it to Manu; Manu proclaimed it to Ikshvaku.,Bhakti Yoga
4,2,"एवं परम्पराप्राप्तमिमं राजर्षयो विदुः |
स कालेनेह महता योगो नष्टः परन्तप ||४-२||","4.2 This, handed down thus in regular succession, the royal sages knew. This Yoga, by long lapse of time, has been lost here, O Parantapa (burner of the foes).",Jnana Yoga
4,3,"स एवायं मया तेऽद्य योगः प्रोक्तः पुरातनः |
भक्तोऽसि मे सखा चेति रहस्यं ह्येतदुत्तमम् ||४-३||","4.3 That same ancient Yoga has been today taught to thee by Me, for thou art My devotee and My friend; it is the supreme secret.",Bhakti Yoga
4,4,"अर्जुन उवाच |
अपरं भवतो जन्म परं जन्म विवस्वतः |
कथमेतद्विजानीयां त्वमादौ प्रोक्तवानिति ||४-४||","4.4 Arjuna said  Later on was Thy birth, and prior to it was the birth of Vivasvan (the Sun); how am I to understand that Thou taughtest this Yoga in the beginning?",Bhakti Yoga
4,5,"श्रीभगवानुवाच |
बहूनि मे व्यतीतानि जन्मानि तव चार्जुन |
तान्यहं वेद सर्वाणि न त्वं वेत्थ परन्तप ||४-५||","4.5 The Blessed Lord said  Many births of Mine have passed as well as of thine, O Arjuna; I know them all but thou knowest not, O Parantapa (scorcher of foes).",Bhakti Yoga
4,6,"अजोऽपि सन्नव्ययात्मा भूतानामीश्वरोऽपि सन् |
प्रकृतिं स्वामधिष्ठाय सम्भवाम्यात्ममायया ||४-६||","4.6 Though I am unborn, of imperishable nature, and though I am the Lord of all beings, yet, governing My own Nature, I am born by My own Maya.",Bhakti Yoga
4,7,"यदा यदा हि धर्मस्य ग्लानिर्भवति भारत |
अभ्युत्थानमधर्मस्य तदात्मानं सृजाम्यहम् ||४-७||","4.7 Whenever there is decline of righteousness, O Arjuna, and rise of unrighteousness, then I manifest Myself.",Bhakti Yoga
4,8,"परित्राणाय साधूनां विनाशाय च दुष्कृताम् |
धर्मसंस्थापनार्थाय सम्भवामि युगे युगे ||४-८||","4.8 For the protection of the good, for the destruction of the wicked and for the establishment of righteousness, I am born in every age.",Bhakti Yoga
4,9,"जन्म कर्म च मे दिव्यमेवं यो वेत्ति तत्त्वतः |
त्यक्त्वा देहं पुनर्जन्म नैति मामेति सोऽर्जुन ||४-९||","4.9 He who thus know, in their true light, My divine birth and action, having abandoned the body, is not born again, he comes to Me, O Arjuna.",Bhakti Yoga
4,10,"वीतरागभयक्रोधा मन्मया मामुपाश्रिताः |
बहवो ज्ञानतपसा पूता मद्भावमागताः ||४-१०||","4.10 Freed from attachment, fear and anger, absorbed in Me, taking refuge in Me, purified by the fire of knowledge, many have attained to My Being.",Bhakti Yoga
4,11,"ये यथा मां प्रपद्यन्ते तांस्तथैव भजाम्यहम् |
मम वर्त्मानुवर्तन्ते मनुष्याः पार्थ सर्वशः ||४-११||","4.11 In whatever way men approach Me even so do I reward them; My path do men tread in all ways, O Arjuna.",Bhakti Yoga
4,12,"काङ्क्षन्तः कर्मणां सिद्धिं यजन्त इह देवताः |
क्षिप्रं हि मानुषे लोके सिद्धिर्भवति कर्मजा ||४-१२||",4.12 Those who long for success in action in this world sacrifice to the gods; because success is ickly attained by men through action.,Bhakti Yoga
4,13,"चातुर्वर्ण्यं मया सृष्टं गुणकर्मविभागशः |
तस्य कर्तारमपि मां विद्ध्यकर्तारमव्ययम् ||४-१३||",4.13 The fourfold caste has been created by Me according to the differentiation of Guna and Karma; though I am the author thereof know Me as non-doer and immutable.,Jnana Yoga
4,14,"न मां कर्माणि लिम्पन्ति न मे कर्मफले स्पृहा |
इति मां योऽभिजानाति कर्मभिर्न स बध्यते ||४-१४||","4.14 Actions do not taint Me, nor have I a desire for the fruit of actions. He who knows Me thus is not bound by actions.",Bhakti Yoga
4,15,"एवं ज्ञात्वा कृतं कर्म पूर्वैरपि मुमुक्षुभिः |
कुरु कर्मैव तस्मात्त्वं पूर्वैः पूर्वतरं कृतम् ||४-१५||","4.15 Having known this, the ancient seekers after freedom also performed action; therefore do thou also perform action, as did the ancients in days of yore.",Bhakti Yoga
4,16,"किं कर्म किमकर्मेति कवयोऽप्यत्र मोहिताः |
तत्ते कर्म प्रवक्ष्यामि यज्ज्ञात्वा मोक्ष्यसेऽशुभात् ||४-१६||","4.16 What is action? What is inaction? As to this even the wise are confused. Therefore I shall teach thee such action (the nature of action and inaction) by knowing which thou shalt be liberated from the evil (of Samsara, the wheel of birth and death).",Karma Yoga
4,17,"कर्मणो ह्यपि बोद्धव्यं बोद्धव्यं च विकर्मणः |
अकर्मणश्च बोद्धव्यं गहना कर्मणो गतिः ||४-१७||","4.17 For verily (the true nature) of action (enjoined by the scriptures) should be known, also (that) 
of forbidden (or unlawful) action, and of inaction; hard to understand is the nature (path) of action.",Bhakti Yoga
4,18,"कर्मण्यकर्म यः पश्येदकर्मणि च कर्म यः |
स बुद्धिमान्मनुष्येषु स युक्तः कृत्स्नकर्मकृत् ||४-१८||","4.18 He who seeth inaction in action and action in inaction, he is wise among men; he is a Yogi and performer of all actions.",Bhakti Yoga
4,19,"यस्य सर्वे समारम्भाः कामसङ्कल्पवर्जिताः |
ज्ञानाग्निदग्धकर्माणं तमाहुः पण्डितं बुधाः ||४-१९||","4.19 He whose undertakings are all devoid of desires and (selfish) purposes and whose actions have been burnt by the fire of knowledge,  him the wise call a sage.",Bhakti Yoga
4,20,"त्यक्त्वा कर्मफलासङ्गं नित्यतृप्तो निराश्रयः |
कर्मण्यभिप्रवृत्तोऽपि नैव किञ्चित्करोति सः ||४-२०||","4.20 Having abandoned attachment to the fruits of the action, ever content, depending on nothing, he does not do anything though engaged in activity.",Karma Yoga
4,21,"निराशीर्यतचित्तात्मा त्यक्तसर्वपरिग्रहः |
शारीरं केवलं कर्म कुर्वन्नाप्नोति किल्बिषम् ||४-२१||","4.21 Without hope and with the mind and the self controlled, having abandoned all covetousness, doing mere bodily action, he incurs no sin.",Bhakti Yoga
4,22,"यदृच्छालाभसन्तुष्टो द्वन्द्वातीतो विमत्सरः |
समः सिद्धावसिद्धौ च कृत्वापि न निबध्यते ||४-२२||","4.22 Content with what comes to him without effort, free from the pairs of opposites and envy, even-minded in success and failure, though acting, he is not bound.",Bhakti Yoga
4,23,"गतसङ्गस्य मुक्तस्य ज्ञानावस्थितचेतसः |
यज्ञायाचरतः कर्म समग्रं प्रविलीयते ||४-२३||","4.23 To one who is devoid of attchment, who is liberated, whose mind is established in knowledge, who works for the sake of sacrifice (for the sake of God), the whole action is dissolved.",Bhakti Yoga
4,24,"ब्रह्मार्पणं ब्रह्म हविर्ब्रह्माग्नौ ब्रह्मणा हुतम् |
ब्रह्मैव तेन गन्तव्यं ब्रह्मकर्मसमाधिना ||४-२४||",4.24 Brahman is the oblation; Brahman is the melted butter (ghee); by Brahman is the oblation poured into the fire of Brahman; Brahman verily shall be reached by him who always sees Brahman in action.,Bhakti Yoga
4,25,"दैवमेवापरे यज्ञं योगिनः पर्युपासते |
ब्रह्माग्नावपरे यज्ञं यज्ञेनैवोपजुह्वति ||४-२५||",4.25 Some Yogies perform sacrifice to the gods alone; while others (who have realised the Self) offer the self as sacrifice by the Self in the fire of Brahman alone.,Bhakti Yoga
4,26,"श्रोत्रादीनीन्द्रियाण्यन्ये संयमाग्निषु जुह्वति |
शब्दादीन्विषयानन्य इन्द्रियाग्निषु जुह्वति ||४-२६||",4.26 Some again offer the organ of hearing and other senses as sacrifice in the fire of restraint; others offer sound and other objects of the senses as sacrifice in the fire of the senses.,Bhakti Yoga
4,27,"सर्वाणीन्द्रियकर्माणि प्राणकर्माणि चापरे |
आत्मसंयमयोगाग्नौ जुह्वति ज्ञानदीपिते ||४-२७||",4.27 Others again sacrifice all the functions of the senses and those of the breath (vital energy or Prana) in the fire of the Yoga of self-restraint kindled by knowledge.,Bhakti Yoga
4,28,"द्रव्ययज्ञास्तपोयज्ञा योगयज्ञास्तथापरे |
स्वाध्यायज्ञानयज्ञाश्च यतयः संशितव्रताः ||४-२८||","4.28 Others again offer wealth, austerity and Yoga as sacrifice, while the ascetics of self-restraint and rigid vows offer study of scriptures and knowledge as sacrifice.",Bhakti Yoga
4,29,"अपाने जुह्वति प्राणं प्राणेऽपानं तथापरे |
प्राणापानगती रुद्ध्वा प्राणायामपरायणाः ||४-२९||","4.29 Others offer as sacrifice the outgoing breath in the incoming, and the incoming in the outgoing, restraining the course of the outgoing and the incoming breaths, solely absorbed in the restraint of the breath.",Bhakti Yoga
4,30,"अपरे नियताहाराः प्राणान्प्राणेषु जुह्वति |
सर्वेऽप्येते यज्ञविदो यज्ञक्षपितकल्मषाः ||४-३०||","4.30 Others who regulate their diet offer life-breaths in life-breaths. All these are knowers of sacrifice, whose sins are destroyed by sacrifice.",Bhakti Yoga
4,31,"यज्ञशिष्टामृतभुजो यान्ति ब्रह्म सनातनम् |
नायं लोकोऽस्त्ययज्ञस्य कुतोऽन्यः कुरुसत्तम ||४-३१||","4.31 Those who eat the remnants of the sacrifice, which are like nectar, go to the eternal Brahman. This world is not for the man who does not perform sacrifice; how then can he have the other, O Arjuna?",Bhakti Yoga
4,32,"एवं बहुविधा यज्ञा वितता ब्रह्मणो मुखे |
कर्मजान्विद्धि तान्सर्वानेवं ज्ञात्वा विमोक्ष्यसे ||४-३२||","4.32 Thus, manifold sacrifices are spread out before Brahman (literally) at the mouth or face of Brahman). Know them all as born of action and thus knowing, thou shalt be liberated.",Bhakti Yoga
4,33,"श्रेयान्द्रव्यमयाद्यज्ञाज्ज्ञानयज्ञः परन्तप |
सर्वं कर्माखिलं पार्थ ज्ञाने परिसमाप्यते ||४-३३||",Swami Sivananda did not comment on this sloka,Bhakti Yoga
4,34,"तद्विद्धि प्रणिपातेन परिप्रश्नेन सेवया |
उपदेक्ष्यन्ति ते ज्ञानं ज्ञानिनस्तत्त्वदर्शिनः ||४-३४||","4.34 Know That by long prostration, by estion and by service; the wise who have realised the Truth will instruct thee in (that) knowledge.",Jnana Yoga
4,35,"यज्ज्ञात्वा न पुनर्मोहमेवं यास्यसि पाण्डव |
येन भूतान्यशेषेण द्रक्ष्यस्यात्मन्यथो मयि (var अशेषाणि) ||४-३५||","4.35 Knowing ï1thatï1 thou shalt not, O Arjuna, again get deluded like this; and by that thou shalt see all beings in thy Self and also in Me.",Bhakti Yoga
4,36,"अपि चेदसि पापेभ्यः सर्वेभ्यः पापकृत्तमः |
सर्वं ज्ञानप्लवेनैव वृजिनं सन्तरिष्यसि ||४-३६||","4.36 Even if thou art the most sinful of all sinners, yet thou shalt verily cross all sins by the raft of knowledge.",Bhakti Yoga
4,37,"यथैधांसि समिद्धोऽग्निर्भस्मसात्कुरुतेऽर्जुन |
ज्ञानाग्निः सर्वकर्माणि भस्मसात्कुरुते तथा ||४-३७||","4.37 As the blazing fire reduces fuel to ashes, O Arjuna, so does the fire of knowledge reduce all actions to ashes.",Jnana Yoga
4,38,"न हि ज्ञानेन सदृशं पवित्रमिह विद्यते |
तत्स्वयं योगसंसिद्धः कालेनात्मनि विन्दति ||४-३८||","4.38 Verily, there is no purifier in this world like knowledge. He who is perfected in Yoga finds it in the Self in time.",Jnana Yoga
4,39,"श्रद्धावाँल्लभते ज्ञानं तत्परः संयतेन्द्रियः |
ज्ञानं लब्ध्वा परां शान्तिमचिरेणाधिगच्छति ||४-३९||","4.39 The man who is full of faith, who is devoted to it, and who has subdued the senses obtains (this) knowledge; and having obtained the knowledge he attains at once to the supreme peace.",Bhakti Yoga
4,40,"अज्ञश्चाश्रद्दधानश्च संशयात्मा विनश्यति |
नायं लोकोऽस्ति न परो न सुखं संशयात्मनः ||४-४०||","4.40 The ignorant the faithless, the doubting self goes to destruction; there is neither this world nor the other, nor happiness for the doubting.",Bhakti Yoga
4,41,"योगसंन्यस्तकर्माणं ज्ञानसञ्छिन्नसंशयम् |
आत्मवन्तं न कर्माणि निबध्नन्ति धनञ्जय ||४-४१||","4.41 He who has renounced actions by Yoga, whose doubts are rent asunder by knowledge, and who is self-possessed  actions do not bind him, O Arjuna.",Bhakti Yoga
4,42,"तस्मादज्ञानसम्भूतं हृत्स्थं ज्ञानासिनात्मनः |
छित्त्वैनं संशयं योगमातिष्ठोत्तिष्ठ भारत ||४-४२||","4.42 Therefore with the sword of the knowledge (of the Self) cut asunder the doubt of the self born of ignorance, residing in thy heart, and take refuge in Yoga. Arise, O Arjuna.",Jnana Yoga
5,1,"अर्जुन उवाच |
संन्यासं कर्मणां कृष्ण पुनर्योगं च शंससि |
यच्छ्रेय एतयोरेकं तन्मे ब्रूहि सुनिश्चितम् ||५-१||","5.1 Arjuna said  Renunciation of actions, O Krishna, Thou praisest, and again Yoga. Tell me conclusively that which is the better of the two.",Bhakti Yoga
5,2,"श्रीभगवानुवाच |
संन्यासः कर्मयोगश्च निःश्रेयसकरावुभौ |
तयोस्तु कर्मसंन्यासात्कर्मयोगो विशिष्यते ||५-२||","5.2 The Blessed Lord said  Renunciation and the Yoga of action both lead to the highest bliss; but of the two, the Yoga of action is superior to the renunciation of action.",Bhakti Yoga
5,3,"ज्ञेयः स नित्यसंन्यासी यो न द्वेष्टि न काङ्क्षति |
निर्द्वन्द्वो हि महाबाहो सुखं बन्धात्प्रमुच्यते ||५-३||","5.3 He should be known as a perpertual Sannyasi who neither hates nor desires; for, free from the pairs of opposites, O mighty-armed Arjuna, he is easily set free from bondage.",Bhakti Yoga
5,4,"साङ्ख्ययोगौ पृथग्बालाः प्रवदन्ति न पण्डिताः |
एकमप्यास्थितः सम्यगुभयोर्विन्दते फलम् ||५-४||","5.4 Children, not the wise, speak of knowledge and the Yoga of action or the performance of action as though they are distinct and different; he who is truly established in one obtains the fruits of both.",Jnana Yoga
5,5,"यत्साङ्ख्यैः प्राप्यते स्थानं तद्योगैरपि गम्यते |
एकं साङ्ख्यं च योगं च यः पश्यति स पश्यति ||५-५||","5.5 That place which is reached by the Sankhyas or the Jnanis is reached by the Yogis (Karma Yogis). He sees, who sees knowledge and the performance of action (Karma Yoga) as one.",Jnana Yoga
5,6,"संन्यासस्तु महाबाहो दुःखमाप्तुमयोगतः |
योगयुक्तो मुनिर्ब्रह्म नचिरेणाधिगच्छति ||५-६||","5.6 But renunciation, O mighty-armed Arjuna, is hard to attain without Yoga; the Yoga-harmonised sage ickly goes to Brahman.",Bhakti Yoga
5,7,"योगयुक्तो विशुद्धात्मा विजितात्मा जितेन्द्रियः |
सर्वभूतात्मभूतात्मा कुर्वन्नपि न लिप्यते ||५-७||","5.7 He who is devoted to the path of action, whose mind is ite pure, who has conered the self, who has subdued his senses and who realises his Self as the Self in all beings, though acting, is not tainted.",Bhakti Yoga
5,8,"नैव किञ्चित्करोमीति युक्तो मन्येत तत्त्ववित् |
पश्यञ्शृण्वन्स्पृशञ्जिघ्रन्नश्नन्गच्छन्स्वपञ्श्वसन् ||५-८||","5.8 ""I do nothing at all,"" thus would the harmonised knower of Truth think  seeing, hearing, touching, smelling, eating, going, sleeping, breathing.",Jnana Yoga
5,9,"प्रलपन्विसृजन्गृह्णन्नुन्मिषन्निमिषन्नपि |
इन्द्रियाणीन्द्रियार्थेषु वर्तन्त इति धारयन् ||५-९||","5.9 Speaking, letting go, seizing, opening and closing the eyes  convinced that the senses move among the sense-objects.",Jnana Yoga
5,10,"ब्रह्मण्याधाय कर्माणि सङ्गं त्यक्त्वा करोति यः |
लिप्यते न स पापेन पद्मपत्रमिवाम्भसा ||५-१०||","5.10 He who does actions, offering them to Brahman, and abandoning attachment, is not tainted by sin, just as a lotus-leaf is not tainted by water.",Bhakti Yoga
5,11,"कायेन मनसा बुद्ध्या केवलैरिन्द्रियैरपि |
योगिनः कर्म कुर्वन्ति सङ्गं त्यक्त्वात्मशुद्धये ||५-११||","5.11 Yogis, having abandoned attachment, perform actions only by the body, mind, intellect, and even by the senses, for the purification of the self.",Jnana Yoga
5,12,"युक्तः कर्मफलं त्यक्त्वा शान्तिमाप्नोति नैष्ठिकीम् |
अयुक्तः कामकारेण फले सक्तो निबध्यते ||५-१२||","5.12 The united one (the well poised or the harmonised) having abandoned the fruit of action attains to the eternal peace: the non-united only (the unsteady or the unbalanced) impelled by desire, attached to the fruit, is bound.",Bhakti Yoga
5,13,"सर्वकर्माणि मनसा संन्यस्यास्ते सुखं वशी |
नवद्वारे पुरे देही नैव कुर्वन्न कारयन् ||५-१३||","5.13 Mentally renouncing all actions and self-controlled, the embodied one rests happily in the nine-gated city, neither acting nor causing others (body and senses) to act.",Jnana Yoga
5,14,"न कर्तृत्वं न कर्माणि लोकस्य सृजति प्रभुः |
न कर्मफलसंयोगं स्वभावस्तु प्रवर्तते ||५-१४||","5.14 Neither agency nor actions does the Lord create for the world, nor union with the fruits of actions. But it is Nature that acts.",Karma Yoga
5,15,"नादत्ते कस्यचित्पापं न चैव सुकृतं विभुः |
अज्ञानेनावृतं ज्ञानं तेन मुह्यन्ति जन्तवः ||५-१५||","5.15 The Lord takes neither the demerit nor even the merit of any; knowledge is enveloped by ignorance, thery beings are deluded.",Jnana Yoga
5,16,"ज्ञानेन तु तदज्ञानं येषां नाशितमात्मनः |
तेषामादित्यवज्ज्ञानं प्रकाशयति तत्परम् ||५-१६||","5.16 But to those whose ignorance is destroyed by the knowledge of the Self, like the sun, knowledge reveals the Supreme (Brahman).",Jnana Yoga
5,17,"तद्बुद्धयस्तदात्मानस्तन्निष्ठास्तत्परायणाः |
गच्छन्त्यपुनरावृत्तिं ज्ञाननिर्धूतकल्मषाः ||५-१७||","5.17 Their intellect absorbed in That, their self being That, established in That, with That for their supreme goal, they go whence there is no return, their sins dispelled by knowledge.",Jnana Yoga
5,18,"विद्याविनयसम्पन्ने ब्राह्मणे गवि हस्तिनि |
शुनि चैव श्वपाके च पण्डिताः समदर्शिनः ||५-१८||","5.18 Sages look with an eal eye on a Brahmana endowed with learning and humility, on a cow, on an elephant, and even on a dog and an outcaste.",Bhakti Yoga
5,19,"इहैव तैर्जितः सर्गो येषां साम्ये स्थितं मनः |
निर्दोषं हि समं ब्रह्म तस्माद् ब्रह्मणि ते स्थिताः ||५-१९||",5.19 Even here (in this world) birth (everything) is overcome by those whose minds rest in eality; Brahman is spotless indeed and eal; therefore they are established in Brahman.,Bhakti Yoga
5,20,"न प्रहृष्येत्प्रियं प्राप्य नोद्विजेत्प्राप्य चाप्रियम् |
स्थिरबुद्धिरसम्मूढो ब्रह्मविद् ब्रह्मणि स्थितः ||५-२०||","5.20 Resting in Brahman, with steady intellect and undeluded, the knower of Brahman neither rejoiceth on obtaining what is pleasant nor grieveth on obtaining what is unpleasant.",Bhakti Yoga
5,21,"बाह्यस्पर्शेष्वसक्तात्मा विन्दत्यात्मनि यत्सुखम् |
स ब्रह्मयोगयुक्तात्मा सुखमक्षयमश्नुते ||५-२१||",5.21 With the self unattached to external contacts he finds happiness in the Self; with the self engaged in    the meditation of Brahman he attains to the endless happiness.,Jnana Yoga
5,22,"ये हि संस्पर्शजा भोगा दुःखयोनय एव ते |
आद्यन्तवन्तः कौन्तेय न तेषु रमते बुधः ||५-२२||","5.22 The enjoyments that are born of contacts are only generators of pain, for they have a beginning and an end, O Arjuna; the wise man does not rejoice in them.",Bhakti Yoga
5,23,"शक्नोतीहैव यः सोढुं प्राक्शरीरविमोक्षणात् |
कामक्रोधोद्भवं वेगं स युक्तः स सुखी नरः ||५-२३||","5.23 He who is able, while still here (in this world) to withstand, before the liberation from the body, the impulse born out of desire and anger  he is a Yogi, he is a happy man.",Bhakti Yoga
5,24,"योऽन्तःसुखोऽन्तरारामस्तथान्तर्ज्योतिरेव यः |
स योगी ब्रह्मनिर्वाणं ब्रह्मभूतोऽधिगच्छति ||५-२४||","5.24 He who is happy within, who rejoices within, and who is illuminated within, that Yogi attains absolute freedom or Moksha, himself becoming Brahman.",Jnana Yoga
5,25,"लभन्ते ब्रह्मनिर्वाणमृषयः क्षीणकल्मषाः |
छिन्नद्वैधा यतात्मानः सर्वभूतहिते रताः ||५-२५||","5.25 The sages (Rishis) obtain absolute freedom or Moksha  they whose sins have been destroyed, whose dualities (perception of dualities or experience of the pairs of opposites) are torn asunder, who are self-controlled, and intent on the welfare of all beings.",Bhakti Yoga
5,26,"कामक्रोधवियुक्तानां यतीनां यतचेतसाम् |
अभितो ब्रह्मनिर्वाणं वर्तते विदितात्मनाम् ||५-२६||","5.26 Absolute freedom (or Brahmic bliss) exists on all sides for those self-controlled ascetics who are free from desire and anger, who have controlled their thoughts and who have realised the Self.",Jnana Yoga
5,27,"स्पर्शान्कृत्वा बहिर्बाह्यांश्चक्षुश्चैवान्तरे भ्रुवोः |
प्राणापानौ समौ कृत्वा नासाभ्यन्तरचारिणौ ||५-२७||","5.27 Shutting out (all) external contacts and fixing the gaze between the eyrow, ealising the outgoing and incoming breaths moving within the nostrils.",Karma Yoga
5,28,"यतेन्द्रियमनोबुद्धिर्मुनिर्मोक्षपरायणः |
विगतेच्छाभयक्रोधो यः सदा मुक्त एव सः ||५-२८||","5.28 With the senses, the mind and the intellect (ever) controlled, having liberation as his supreme goal, free from desire, fear and anger  the sage is verily liberated for ever.",Jnana Yoga
5,29,"भोक्तारं यज्ञतपसां सर्वलोकमहेश्वरम् |
सुहृदं सर्वभूतानां ज्ञात्वा मां शान्तिमृच्छति ||५-२९||","5.29 He who knows Me as the enjoyer of sacrifices and austerities, the great Lord of all the worlds and the friend of all beings, attains to peace.",Bhakti Yoga
6,1,"श्रीभगवानुवाच |
अनाश्रितः कर्मफलं कार्यं कर्म करोति यः |
स संन्यासी च योगी च न निरग्निर्न चाक्रियः ||६-१||",6.1 The Blessed Lord said  He who performs his bounden duty without depending on the fruits of his actions  he is a Sannyasi and a Yogi; not he who is without fire and without action.,Bhakti Yoga
6,2,"यं संन्यासमिति प्राहुर्योगं तं विद्धि पाण्डव |
न ह्यसंन्यस्तसङ्कल्पो योगी भवति कश्चन ||६-२||","6.2 Do thou, O Arjuna, know Yoga to be that which they call renunciation; no one verily becomes a Yogi who has not renounced thoughts.",Jnana Yoga
6,3,"आरुरुक्षोर्मुनेर्योगं कर्म कारणमुच्यते |
योगारूढस्य तस्यैव शमः कारणमुच्यते ||६-३||","6.3 For a sage who wishes to attain to Yoga, action is said to be the means; for the same sage who has attained to Yoga, inaction (iescence) is said to be the means.",Jnana Yoga
6,4,"यदा हि नेन्द्रियार्थेषु न कर्मस्वनुषज्जते |
सर्वसङ्कल्पसंन्यासी योगारूढस्तदोच्यते ||६-४||","6.4 When a man is not attached to the sense-objects or to actions, having renounced all thoughts, then he is said to have attained to Yoga.",Jnana Yoga
6,5,"उद्धरेदात्मनात्मानं नात्मानमवसादयेत् |
आत्मैव ह्यात्मनो बन्धुरात्मैव रिपुरात्मनः ||६-५||","6.5 One should raise oneself by one's Self alone; let not one lower oneself; for the Self alone is the friend of oneself, and the Self alone is the enemy of oneself.",Jnana Yoga
6,6,"बन्धुरात्मात्मनस्तस्य येनात्मैवात्मना जितः |
अनात्मनस्तु शत्रुत्वे वर्तेतात्मैव शत्रुवत् ||६-६||","6.6 The Self is the friend of the self of him by whom the self has been conered by the Self, but to the unconered self, this Self stands in the position of an enemy, like an (external) foe.",Jnana Yoga
6,7,"जितात्मनः प्रशान्तस्य परमात्मा समाहितः |
शीतोष्णसुखदुःखेषु तथा मानापमानयोः ||६-७||","6.7 The Supreme Self of him who is self-controlled and peaceful is balanced in cold and heat, pleasure and pain, as also in honour and dishonour.",Bhakti Yoga
6,8,"ज्ञानविज्ञानतृप्तात्मा कूटस्थो विजितेन्द्रियः |
युक्त इत्युच्यते योगी समलोष्टाश्मकाञ्चनः ||६-८||","6.8 The Yogi who is satisfied with the knowledge and the wisdom (of the Self), who has conered the senses, and to whom a clod of earth, a piece of stone and gold are the same, is said to be harmonied (i.e., is said to have attained Nirvikalpa Samadhi).",Jnana Yoga
6,9,"सुहृन्मित्रार्युदासीनमध्यस्थद्वेष्यबन्धुषु |
साधुष्वपि च पापेषु समबुद्धिर्विशिष्यते ||६-९||","6.9 He who is of the same mind to the good-hearted, friends, enemies, the indifferent, the neutral, the hateful, the relatives, the righteous and the unrighteous, excels.",Bhakti Yoga
6,10,"योगी युञ्जीत सततमात्मानं रहसि स्थितः |
एकाकी यतचित्तात्मा निराशीरपरिग्रहः ||६-१०||","6.10 Let the Yogi try constantly to keep the mind steady, remaining in solitude, alone, with the mind and the body controlled, and free from hope and covetousness.",Bhakti Yoga
6,11,"शुचौ देशे प्रतिष्ठाप्य स्थिरमासनमात्मनः |
नात्युच्छ्रितं नातिनीचं चैलाजिनकुशोत्तरम् ||६-११||","6.11 In a clean spot, having established a firm seat of his own, neither too high nor too low, made of a cloth, a skin and Kusa-grass, one over the other.",Bhakti Yoga
6,12,"तत्रैकाग्रं मनः कृत्वा यतचित्तेन्द्रियक्रियः |
उपविश्यासने युञ्ज्याद्योगमात्मविशुद्धये ||६-१२||","6.12 There, having made the mind one-pointed, with the actions of the mind and the senses controlled, let him, seated on the seat, practise Yoga for the purification of the self.",Jnana Yoga
6,13,"समं कायशिरोग्रीवं धारयन्नचलं स्थिरः |
सम्प्रेक्ष्य नासिकाग्रं स्वं दिशश्चानवलोकयन् ||६-१३||","6.13 Let him firmly hold his body, head and neck erect and still, gazing at the tip of his nose, without looking around.",Bhakti Yoga
6,14,"प्रशान्तात्मा विगतभीर्ब्रह्मचारिव्रते स्थितः |
मनः संयम्य मच्चित्तो युक्त आसीत मत्परः ||६-१४||","6.14 Serene-minded, fearless, firm in the vow of a Brahmachari, having controlled the mind, thinking of Me and balanced in mind, let him sit, having Me as his supreme goal.",Bhakti Yoga
6,15,"युञ्जन्नेवं सदात्मानं योगी नियतमानसः |
शान्तिं निर्वाणपरमां मत्संस्थामधिगच्छति ||६-१५||","6.15 Thus always keeping the mind balanced, the Yogi, with the mind controlled, attains to the peace abiding in Me, which culminates in liberation.",Jnana Yoga
6,16,"नात्यश्नतस्तु योगोऽस्ति न चैकान्तमनश्नतः |
न चातिस्वप्नशीलस्य जाग्रतो नैव चार्जुन ||६-१६||","6.16 Verily Yoga is not possible for him who eats too much, nor for him who does not eat at all, nor for him who sleeps too much, nor for him who is (always) awake, O Arjuna.",Bhakti Yoga
6,17,"युक्ताहारविहारस्य युक्तचेष्टस्य कर्मसु |
युक्तस्वप्नावबोधस्य योगो भवति दुःखहा ||६-१७||","6.17 Yoga becomes the destroyer of pain for him who is moderate in eating and recreation (such 
as walking, etc.), who is moderate in exertion in actions, who is moderate in sleep and wakefulness.",Bhakti Yoga
6,18,"यदा विनियतं चित्तमात्मन्येवावतिष्ठते |
निःस्पृहः सर्वकामेभ्यो युक्त इत्युच्यते तदा ||६-१८||","6.18 When the perfectly controlled mind rests in the Self only, free from longing for all the objects of desires, then it is said, 'He is united'.",Bhakti Yoga
6,19,"यथा दीपो निवातस्थो नेङ्गते सोपमा स्मृता |
योगिनो यतचित्तस्य युञ्जतो योगमात्मनः ||६-१९||","6.19 As a lamp placed in a windless spot does not flicker  to such is compared the Yogi of controlled mind, practising Yoga in the Self (or absorbed in the Yoga of the Self).",Jnana Yoga
6,20,"यत्रोपरमते चित्तं निरुद्धं योगसेवया |
यत्र चैवात्मनात्मानं पश्यन्नात्मनि तुष्यति ||६-२०||","6.20 When the mind, restrained by the practice of Yoga attains to quietude and when seeing the Self by the self, he is satisfied in his own Self.",Jnana Yoga
6,21,"सुखमात्यन्तिकं यत्तद् बुद्धिग्राह्यमतीन्द्रियम् |
वेत्ति यत्र न चैवायं स्थितश्चलति तत्त्वतः ||६-२१||","6.21 When he (the Yogi) feels that Infinite Bliss which can be grasped by the (pure) intellect and which transcends the senses, and established wherein he never moves from the Reality.",Jnana Yoga
6,22,"यं लब्ध्वा चापरं लाभं मन्यते नाधिकं ततः |
यस्मिन्स्थितो न दुःखेन गुरुणापि विचाल्यते ||६-२२||","6.22 Which, having obtained, he thinks there is no other gain superior to it; wherein estabished, he is not moved even by heavy sorrow.",Bhakti Yoga
6,23,"तं विद्याद् दुःखसंयोगवियोगं योगसंज्ञितम् |
स निश्चयेन योक्तव्यो योगोऽनिर्विण्णचेतसा ||६-२३||","6.23 Let that be known by the name of Yoga, the severance from union with pain. This Yoga should be practised with determination and with an undesponding mind.",Jnana Yoga
6,24,"सङ्कल्पप्रभवान्कामांस्त्यक्त्वा सर्वानशेषतः |
मनसैवेन्द्रियग्रामं विनियम्य समन्ततः ||६-२४||",6.24 Abandoning without reserve all desires born of Sankalpa (thought and imagination) and completely restraining the whole group of the senses by the mind from all sides.,Bhakti Yoga
6,25,"शनैः शनैरुपरमेद् बुद्ध्या धृतिगृहीतया |
आत्मसंस्थं मनः कृत्वा न किञ्चिदपि चिन्तयेत् ||६-२५||","6.25 Little by little let him attain to ietude by the intellect held firmly; having made the mind establish itself in the Self, let him not think of anything.",Bhakti Yoga
6,26,"यतो यतो निश्चरति मनश्चञ्चलमस्थिरम् |
ततस्ततो नियम्यैतदात्मन्येव वशं नयेत् ||६-२६||","6.26 From whatever cause the restless and unsteady mind wanders away, from that let him restrain it and bring it under the control of the Self alone.",Jnana Yoga
6,27,"प्रशान्तमनसं ह्येनं योगिनं सुखमुत्तमम् |
उपैति शान्तरजसं ब्रह्मभूतमकल्मषम् ||६-२७||","6.27 Supreme Bliss verily comes to this Yogi whose mind is ite peaceful, whose passion is ieted, who has become Brahman and who is free from sin.",Bhakti Yoga
6,28,"युञ्जन्नेवं सदात्मानं योगी विगतकल्मषः |
सुखेन ब्रह्मसंस्पर्शमत्यन्तं सुखमश्नुते ||६-२८||","6.28 The Yogi, always engaging the mind thus (in the practice of Yoga), freed from sins, easily enjoys the Infinite Bliss of contact with Brahman (the Eternal).",Bhakti Yoga
6,29,"सर्वभूतस्थमात्मानं सर्वभूतानि चात्मनि |
ईक्षते योगयुक्तात्मा सर्वत्र समदर्शनः ||६-२९||",6.29 With the mind harmonised by Yoga he sees the Self abiding in all beings and all beings in the Self; he sees the same everywhere.,Jnana Yoga
6,30,"यो मां पश्यति सर्वत्र सर्वं च मयि पश्यति |
तस्याहं न प्रणश्यामि स च मे न प्रणश्यति ||६-३०||","6.30 He who sees Me everywhere and sees everything in Me, he never becomes separated from Me, nor do I become separated from him.",Bhakti Yoga
6,31,"सर्वभूतस्थितं यो मां भजत्येकत्वमास्थितः |
सर्वथा वर्तमानोऽपि स योगी मयि वर्तते ||६-३१||","6.31 He who, being established in unity, worships Me Who dwells in all beings, that Yogi abides in Me, whatever may be his mode of living.",Bhakti Yoga
6,32,"आत्मौपम्येन सर्वत्र समं पश्यति योऽर्जुन |
सुखं वा यदि वा दुःखं स योगी परमो मतः ||६-३२||","6.32 He who, through the likeness of the Self, O Arjuna, sees eality everywhere, be it pleasure or pain, he is regarded as the highest Yogi.",Bhakti Yoga
6,33,"अर्जुन उवाच |
योऽयं योगस्त्वया प्रोक्तः साम्येन मधुसूदन |
एतस्याहं न पश्यामि चञ्चलत्वात्स्थितिं स्थिराम् ||६-३३||","6.33 Arjuna said  This Yoga of eanimity taught by Thee, O Krishna, I do not see its steady continuance, because of the restlessness (of the mind).",Bhakti Yoga
6,34,"चञ्चलं हि मनः कृष्ण प्रमाथि बलवद् दृढम् |
तस्याहं निग्रहं मन्ये वायोरिव सुदुष्करम् ||६-३४||","6.34 The mind verily is restless, turbulent, strong and unyielding, O Krishna: I deem it as difficult to control it as to control the wind.",Bhakti Yoga
6,35,"श्रीभगवानुवाच |
असंशयं महाबाहो मनो दुर्निग्रहं चलम् |
अभ्यासेन तु कौन्तेय वैराग्येण च गृह्यते ||६-३५||","6.35 The Blessed Lord said  Undoubtedly, O mighty-armed Arjuna, the mind is difficult to control and restless; but by practice and by dispassion it may be restrained.",Bhakti Yoga
6,36,"असंयतात्मना योगो दुष्प्राप इति मे मतिः |
वश्यात्मना तु यतता शक्योऽवाप्तुमुपायतः ||६-३६||","6.36 I think Yoga is hard to be attained by one of uncontrolled self, but the self-controlled and striving one can attain to it by the (proper) means.",Jnana Yoga
6,37,"अर्जुन उवाच |
अयतिः श्रद्धयोपेतो योगाच्चलितमानसः |
अप्राप्य योगसंसिद्धिं कां गतिं कृष्ण गच्छति ||६-३७||","6.37 Arjuna said  He who is unable to control himself though he has the faith, and whose mind wanders away from Yoga, what end does he, having failed to attain perfection in Yoga, mee,t O Krishna?",Bhakti Yoga
6,38,"कच्चिन्नोभयविभ्रष्टश्छिन्नाभ्रमिव नश्यति |
अप्रतिष्ठो महाबाहो विमूढो ब्रह्मणः पथि ||६-३८||",Swami Sivananda did not comment on this sloka,Bhakti Yoga
6,39,"एतन्मे संशयं कृष्ण छेत्तुमर्हस्यशेषतः |
त्वदन्यः संशयस्यास्य छेत्ता न ह्युपपद्यते ||६-३९||","6.39 This doubt of mine, O Krishna, do Thou dispel completely; because it is not possible for any but Thee to dispel this doubt.",Bhakti Yoga
6,40,"श्रीभगवानुवाच |
पार्थ नैवेह नामुत्र विनाशस्तस्य विद्यते |
न हि कल्याणकृत्कश्चिद् दुर्गतिं तात गच्छति ||६-४०||","6.40 The Blessed Lord said  O Arjuna, neither in this world, nor in the next world is there destruction for him; none, verily, who does good, O My son, ever comes to grief.",Bhakti Yoga
6,41,"प्राप्य पुण्यकृतां लोकानुषित्वा शाश्वतीः समाः |
शुचीनां श्रीमतां गेहे योगभ्रष्टोऽभिजायते ||६-४१||","6.41 Having attained to the worlds of the righteous and having dwelt there for everlasting years, he who fell from Yoga is rorn in a house of the pure and wealthy.",Bhakti Yoga
6,42,"अथवा योगिनामेव कुले भवति धीमताम् |
एतद्धि दुर्लभतरं लोके जन्म यदीदृशम् ||६-४२||",6.42 Or he is born in a family of even the wise Yogis; verily a birth like this is very difficult to obtain in this world.,Jnana Yoga
6,43,"तत्र तं बुद्धिसंयोगं लभते पौर्वदेहिकम् |
यतते च ततो भूयः संसिद्धौ कुरुनन्दन ||६-४३||","6.43 Thee he comes in touch with the knowledge acired in his former body and strives more than before for perfection, O Arjuna.",Bhakti Yoga
6,44,"पूर्वाभ्यासेन तेनैव ह्रियते ह्यवशोऽपि सः |
जिज्ञासुरपि योगस्य शब्दब्रह्मातिवर्तते ||६-४४||",6.44 By that very former practice he is borne on in spite of himself. Even he who merely wishes to know Yoga goes beyond the Brahmic word.,Bhakti Yoga
6,45,"प्रयत्नाद्यतमानस्तु योगी संशुद्धकिल्बिषः |
अनेकजन्मसंसिद्धस्ततो याति परां गतिम् ||६-४५||","6.45 But the Yogi who strives with assiduity, purified of sins and perfected gradually through many births, reaches the highest goal.",Bhakti Yoga
6,46,"तपस्विभ्योऽधिको योगी ज्ञानिभ्योऽपि मतोऽधिकः |
कर्मिभ्यश्चाधिको योगी तस्माद्योगी भवार्जुन ||६-४६||","6.46 The Yogi is thought to be superior to the ascetics and even superior to men of knowledge (obtained through the study of scriptures); he is also superior to men of action; therefore be thou a Yogi, O Arjuna.",Bhakti Yoga
6,47,"योगिनामपि सर्वेषां मद्गतेनान्तरात्मना |
श्रद्धावान्भजते यो मां स मे युक्ततमो मतः ||६-४७||","6.47 And among all the Yogis he who, full of faith and with his inner self merged in Me, worships Me is deemed by Me to be the most devout.",Bhakti Yoga
7,1,"श्रीभगवानुवाच |
मय्यासक्तमनाः पार्थ योगं युञ्जन्मदाश्रयः |
असंशयं समग्रं मां यथा ज्ञास्यसि तच्छृणु ||७-१||","7.1 The Blessed Lord said  O Arjuna, hear how you shall without doubt know Me fully, with the mind intent on Me, practising Yoga and taking refuge in Me.",Jnana Yoga
7,2,"ज्ञानं तेऽहं सविज्ञानमिदं वक्ष्याम्यशेषतः |
यज्ज्ञात्वा नेह भूयोऽन्यज्ज्ञातव्यमवशिष्यते ||७-२||","7.2 I shall declare to thee in full this knowledge combined with realisation, after knowing which nothing more here remains to be known.",Jnana Yoga
7,3,"मनुष्याणां सहस्रेषु कश्चिद्यतति सिद्धये |
यततामपि सिद्धानां कश्चिन्मां वेत्ति तत्त्वतः ||७-३||","7.3 Among thousands of men, one perchance strives for perfection; even among those successful strivers, only one perchance knows Me in essence.",Jnana Yoga
7,4,"भूमिरापोऽनलो वायुः खं मनो बुद्धिरेव च |
अहंकार इतीयं मे भिन्ना प्रकृतिरष्टधा ||७-४||","7.4 Earth, water, fire, air, ether, mind, intellect and egoism  thus is My Nature divided eightfold.",Jnana Yoga
7,5,"अपरेयमितस्त्वन्यां प्रकृतिं विद्धि मे पराम् |
जीवभूतां महाबाहो ययेदं धार्यते जगत् ||७-५||","7.5 This is the inferior Prakriti, O mighty-armed (Arjuna); know thou as different from it My higher Prakriti (Nature), the very life-element, by which this world is upheld.",Bhakti Yoga
7,6,"एतद्योनीनि भूतानि सर्वाणीत्युपधारय |
अहं कृत्स्नस्य जगतः प्रभवः प्रलयस्तथा ||७-६||",7.6 Know that these two (Natures) are the womb of all beings. So I am the source and dissolution of the whole universe.,Jnana Yoga
7,7,"मत्तः परतरं नान्यत्किञ्चिदस्ति धनञ्जय |
मयि सर्वमिदं प्रोतं सूत्रे मणिगणा इव ||७-७||","7.7 There is nothing whatsoever higher than Me, O Arjuna. All this is strung on Me, as clusters of gems on a string.",Jnana Yoga
7,8,"रसोऽहमप्सु कौन्तेय प्रभास्मि शशिसूर्ययोः |
प्रणवः सर्ववेदेषु शब्दः खे पौरुषं नृषु ||७-८||","7.8 I am the sapidity in water, O Arjuna; I am the light in the moon and the sun; I am the syllable Om in all the Vedas, sound in ether and virility in men.",Bhakti Yoga
7,9,"पुण्यो गन्धः पृथिव्यां च तेजश्चास्मि विभावसौ |
जीवनं सर्वभूतेषु तपश्चास्मि तपस्विषु ||७-९||","7.9 I am the sweet fragrance in the earth and the brilliance in the fire, the life in all beings, and I am the austerity in ascetics.",Jnana Yoga
7,10,"बीजं मां सर्वभूतानां विद्धि पार्थ सनातनम् |
बुद्धिर्बुद्धिमतामस्मि तेजस्तेजस्विनामहम् ||७-१०||","7.10 Know Me, O Arjuna, as the eternal seed of all beings; I am the intelligence of the intelligent; the splendour of the splendid objects am I.",Jnana Yoga
7,11,"बलं बलवतां चाहं कामरागविवर्जितम् |
धर्माविरुद्धो भूतेषु कामोऽस्मि भरतर्षभ ||७-११||","7.11 Of the strong, I am the strength devoid of desire and attachment, and in (all) beings, I am the desire unopposed to Dharma, O Arjuna.",Bhakti Yoga
7,12,"ये चैव सात्त्विका भावा राजसास्तामसाश्च ये |
मत्त एवेति तान्विद्धि न त्वहं तेषु ते मयि ||७-१२||","7.12 Whatever beings (and objects) that are pure, active and inert, know that they proceed from Me. They are in Me, yet I am not in them.",Jnana Yoga
7,13,"त्रिभिर्गुणमयैर्भावैरेभिः सर्वमिदं जगत् |
मोहितं नाभिजानाति मामेभ्यः परमव्ययम् ||७-१३||",7.13 Deluded by these Natures (states or things) composed of the three alities of Nature all this world does not know Me as distinct from them and immutable.,Jnana Yoga
7,14,"दैवी ह्येषा गुणमयी मम माया दुरत्यया |
मामेव ये प्रपद्यन्ते मायामेतां तरन्ति ते ||७-१४||","7.14 Verily, this divine illusion of Mine, made up of the (three) alities (of Nature) is difficult to cross over; those who take refuge in Me alone, cross over this illusion.",Bhakti Yoga
7,15,"न मां दुष्कृतिनो मूढाः प्रपद्यन्ते नराधमाः |
माययापहृतज्ञाना आसुरं भावमाश्रिताः ||७-१५||",7.15 The evil-doers and the deluded who are the lowest of men do not seek Me; they whose knowledge is destroyed by illusion follow the ways of demons.,Jnana Yoga
7,16,"चतुर्विधा भजन्ते मां जनाः सुकृतिनोऽर्जुन |
आर्तो जिज्ञासुरर्थार्थी ज्ञानी च भरतर्षभ ||७-१६||","7.16 Four kinds of virtuous men worship Me, O Arjuna, and they are the distressed, the seekr of knowledge, the seekr of wealth and the wise, O lord of the Bharatas.",Bhakti Yoga
7,17,"तेषां ज्ञानी नित्ययुक्त एकभक्तिर्विशिष्यते |
प्रियो हि ज्ञानिनोऽत्यर्थमहं स च मम प्रियः ||७-१७||","7.17 Of them the wise, ever steadfast and devoted to the One, excels (is the best); for I am exceedingly dear to the wise and he is dear to Me.",Bhakti Yoga
7,18,"उदाराः सर्व एवैते ज्ञानी त्वात्मैव मे मतम् |
आस्थितः स हि युक्तात्मा मामेवानुत्तमां गतिम् ||७-१८||","7.18 Noble indeed are all these; but I deem the wise man as My very Self; for, steadfast in mind he is established in Me alone as the supreme goal.",Jnana Yoga
7,19,"बहूनां जन्मनामन्ते ज्ञानवान्मां प्रपद्यते |
वासुदेवः सर्वमिति स महात्मा सुदुर्लभः ||७-१९||","7.19 At the end of many births the wise man comes to Me, realising that all this is Vaasudeva (the innermost Self); such a great soul (Mahatma) is very hard to find.",Jnana Yoga
7,20,"कामैस्तैस्तैर्हृतज्ञानाः प्रपद्यन्तेऽन्यदेवताः |
तं तं नियममास्थाय प्रकृत्या नियताः स्वया ||७-२०||","7.20 Those whose wisdom has been rent away by this or that desire, go to other gods, following this or that rite, led by their own nature.",Bhakti Yoga
7,21,"यो यो यां यां तनुं भक्तः श्रद्धयार्चितुमिच्छति |
तस्य तस्याचलां श्रद्धां तामेव विदधाम्यहम् ||७-२१||",7.21 Whatsoever form any devotee desires to worship with faith  that (same) faith of his I make firm and unflinching.,Bhakti Yoga
7,22,"स तया श्रद्धया युक्तस्तस्याराधनमीहते |
लभते च ततः कामान्मयैव विहितान्हि तान् ||७-२२||","7.22 Endowed with that faith, he engages in the worship of that (form) and from it he obtains his desire, these being verily ordained by Me (alone).",Bhakti Yoga
7,23,"अन्तवत्तु फलं तेषां तद्भवत्यल्पमेधसाम् |
देवान्देवयजो यान्ति मद्भक्ता यान्ति मामपि ||७-२३||","7.23 Verily the reward (fruit) that accrues to those men of small intelligence is finite. The worshippers of the gods go to them, but My devotees come to Me.",Bhakti Yoga
7,24,"अव्यक्तं व्यक्तिमापन्नं मन्यन्ते मामबुद्धयः |
परं भावमजानन्तो ममाव्ययमनुत्तमम् ||७-२४||","7.24 The foolish think of Me, the Unmanifest, as having manifestation, knowing not My higher, immutable and most excellent nature.",Jnana Yoga
7,25,"नाहं प्रकाशः सर्वस्य योगमायासमावृतः |
मूढोऽयं नाभिजानाति लोको मामजमव्ययम् ||७-२५||","7.25 I am not manifest to all (as I am) veiled by the Yoga-Maya. This deluded world does not know Me, the unborn and imperishable.",Jnana Yoga
7,26,"वेदाहं समतीतानि वर्तमानानि चार्जुन |
भविष्याणि च भूतानि मां तु वेद न कश्चन ||७-२६||","7.26 I know, O Arjuna, the beings of the past, the present and the future, but no one knows Me.",Jnana Yoga
7,27,"इच्छाद्वेषसमुत्थेन द्वन्द्वमोहेन भारत |
सर्वभूतानि सम्मोहं सर्गे यान्ति परन्तप ||७-२७||","7.27 By the delusion of the pairs of opposites arising from desire and aversion, O Bharata, all beings are subject to delusion at birth, O Parantapa.",Bhakti Yoga
7,28,"येषां त्वन्तगतं पापं जनानां पुण्यकर्मणाम् |
ते द्वन्द्वमोहनिर्मुक्ता भजन्ते मां दृढव्रताः ||७-२८||","7.28 But those men of virtuous deeds whose sins have come to an end, and who are freed from the delusion of the pairs of opposites, worship Me, steadfast in their vows.",Bhakti Yoga
7,29,"जरामरणमोक्षाय मामाश्रित्य यतन्ति ये |
ते ब्रह्म तद्विदुः कृत्स्नमध्यात्मं कर्म चाखिलम् ||७-२९||","7.29 Those who strive for liberation from old age and death, taking refuge in Me, realise in full ï1thatï1 Brahman, the whole knowledge of the Self and all action.",Jnana Yoga
7,30,"साधिभूताधिदैवं मां साधियज्ञं च ये विदुः |
प्रयाणकालेऽपि च मां ते विदुर्युक्तचेतसः ||७-३०||","7.30 Those who know Me with the Adhibhuta (pertaining to the elements), Adhidaiva (pertaining to the gods) and the Adhiyajna (pertaining to the sacrifice) know Me even at the time of death, steadfast in mind.",Bhakti Yoga
8,1,"अर्जुन उवाच |
किं तद् ब्रह्म किमध्यात्मं किं कर्म पुरुषोत्तम |
अधिभूतं च किं प्रोक्तमधिदैवं किमुच्यते ||८-१||",Swami Sivananda did not comment on this sloka,Bhakti Yoga
8,2,"अधियज्ञः कथं कोऽत्र देहेऽस्मिन्मधुसूदन |
प्रयाणकाले च कथं ज्ञेयोऽसि नियतात्मभिः ||८-२||","8.2 Who and how is Adhiyajna here in this body, O destroyer of Madhu (Krishna)? And how at the time of death, art Thou to be known by the self-controlled?",Bhakti Yoga
8,3,"श्रीभगवानुवाच |
अक्षरं ब्रह्म परमं स्वभावोऽध्यात्ममुच्यते |
भूतभावोद्भवकरो विसर्गः कर्मसंज्ञितः ||८-३||","8.3 The Blessed Lord said  Brahman is the Imperishable, the Supreme; Its essential nature is called Self-knowledge; the offering (to the gods) which causes existence and manifestation of beings and which also sustains them is called action.",Jnana Yoga
8,4,"अधिभूतं क्षरो भावः पुरुषश्चाधिदैवतम् |
अधियज्ञोऽहमेवात्र देहे देहभृतां वर ||८-४||","8.4 Adhibhuta (knowledge of the elements) pertains to My perishable Nature and the Purusha or the Soul is the Adhidaiva; I alone am the Adhiyajna here in this body, O best among the embodied (men).",Bhakti Yoga
8,5,"अन्तकाले च मामेव स्मरन्मुक्त्वा कलेवरम् |
यः प्रयाति स मद्भावं याति नास्त्यत्र संशयः ||८-५||","8.5 And whosoever, leaving the body, goes forth remembering Me alone, at the time of death, he attains My Being: there is no doubt about this.",Bhakti Yoga
8,6,"यं यं वापि स्मरन्भावं त्यजत्यन्ते कलेवरम् |
तं तमेवैति कौन्तेय सदा तद्भावभावितः ||८-६||","8.6 Whosoever at the end leaves the body, thinking of any being, to that being only does he go, O son of Kunti (Arjuna), because of his constant thought of that being.",Bhakti Yoga
8,7,"तस्मात्सर्वेषु कालेषु मामनुस्मर युध्य च |
मय्यर्पितमनोबुद्धिर्मामेवैष्यस्यसंशयः (orसंशयम्) ||८-७||","8.7 Therefore at all times remember Me only and fight. With mind and intellect fixed (or absorbed) in Me, thou shalt doubtessly come to Me alone.",Bhakti Yoga
8,8,"अभ्यासयोगयुक्तेन चेतसा नान्यगामिना |
परमं पुरुषं दिव्यं याति पार्थानुचिन्तयन् ||८-८||","8.8 With the mind not moving towards any other thing, made steadfast by the method of habitual meditation, and constantly meditating, one goes to the Supreme Person, the Resplendent, O Arjuna.",Bhakti Yoga
8,9,"कविं पुराणमनुशासितार-
मणोरणीयंसमनुस्मरेद्यः |
सर्वस्य धातारमचिन्त्यरूप-
मादित्यवर्णं तमसः परस्तात् ||८-९||","8.9 Whosoever meditates on the Omniscient, the Ancient, the Ruler (of the whole world), minuter than an atom, the supporter of all, of inconceivable form, effulgent like the sun and beyond the darkness of ignorance.",Bhakti Yoga
8,10,"प्रयाणकाले मनसाऽचलेन
भक्त्या युक्तो योगबलेन चैव |
भ्रुवोर्मध्ये प्राणमावेश्य सम्यक्
स तं परं पुरुषमुपैति दिव्यम् ||८-१०||","8.10 At the time of death, with unshaken mind, endowed with devotio, by the power of Yoga, fixing the whole life-breath in the middle of the two eyrows, he reaches that resplendent Supreme Person.",Bhakti Yoga
8,11,"यदक्षरं वेदविदो वदन्ति
विशन्ति यद्यतयो वीतरागाः |
यदिच्छन्तो ब्रह्मचर्यं चरन्ति
तत्ते पदं संग्रहेण प्रवक्ष्ये ||८-११||","8.11 That which is declared Imperishable by those who know the Vedas, that which the self-controlled (ascetics or Sannyasins) and passion-free enter, that desiring which celibacy is practised  that goal I will declare to thee in brief.",Bhakti Yoga
8,12,"सर्वद्वाराणि संयम्य मनो हृदि निरुध्य च |
मूध्न्यार्धायात्मनः प्राणमास्थितो योगधारणाम् ||८-१२||","8.12 Having closed all the gates, confined the mind in the heart and fixed the life-breath in the head, engaged in the practice of concentration.",Bhakti Yoga
8,13,"ओमित्येकाक्षरं ब्रह्म व्याहरन्मामनुस्मरन् |
यः प्रयाति त्यजन्देहं स याति परमां गतिम् ||८-१३||","8.13 Uttering the one-syllabled Om  the Brahman  and remembering Me, he who departs, leaving the body, attains to the Supreme Goal.",Bhakti Yoga
8,14,"अनन्यचेताः सततं यो मां स्मरति नित्यशः |
तस्याहं सुलभः पार्थ नित्ययुक्तस्य योगिनः ||८-१४||","8.14 I am easily attainable by that ever-steadfast Yogi who constantly and daily remembers Me (for a long time), not thinking of anything else (with a single mind or one-pointed mind), O Partha (Arjuna).",Jnana Yoga
8,15,"मामुपेत्य पुनर्जन्म दुःखालयमशाश्वतम् |
नाप्नुवन्ति महात्मानः संसिद्धिं परमां गताः ||८-१५||","8.15 Having attained Me these great souls do not again take birth (here) which is the place of pain 
and is non-eternal: they have reached the highest perfection (liberation).",Bhakti Yoga
8,16,"आब्रह्मभुवनाल्लोकाः पुनरावर्तिनोऽर्जुन |
मामुपेत्य तु कौन्तेय पुनर्जन्म न विद्यते ||८-१६||","8.16 (All) the worlds including the world of Brahma are subject to return again, O Arjuna; but he who reaches Me, O son of Kunti, has no rirth.",Bhakti Yoga
8,17,"सहस्रयुगपर्यन्तमहर्यद् ब्रह्मणो विदुः |
रात्रिं युगसहस्रान्तां तेऽहोरात्रविदो जनाः ||८-१७||","8.17 Those people who know the day of Brahma which is of a duration of a thousand Yugas (ages) and the night which is also of a thousand Yugas duration, they know day and night.",Jnana Yoga
8,18,"अव्यक्ताद् व्यक्तयः सर्वाः प्रभवन्त्यहरागमे |
रात्र्यागमे प्रलीयन्ते तत्रैवाव्यक्तसंज्ञके ||८-१८||",8.18 From the Unmanifested all the manifested (worlds) proceed at the coming of the 'day'; at the coming of the 'night' they dissolve verily into ï1thatï1 alone which is called the Unmanifested.,Bhakti Yoga
8,19,"भूतग्रामः स एवायं भूत्वा भूत्वा प्रलीयते |
रात्र्यागमेऽवशः पार्थ प्रभवत्यहरागमे ||८-१९||","8.19 This same multitude of beings, being born again and again, is dissolved, helplessly, O Arjuna (into the Unmanifested) at the coming of the night and comes forth at the coming of the day.",Bhakti Yoga
8,20,"परस्तस्मात्तु भावोऽन्योऽव्यक्तोऽव्यक्तात्सनातनः |
यः स सर्वेषु भूतेषु नश्यत्सु न विनश्यति ||८-२०||","8.20 But verily there exists, higher than this Unmanifested, another unmanifested Eternal, which is not destroyed when all beings are destroyed.",Bhakti Yoga
8,21,"अव्यक्तोऽक्षर इत्युक्तस्तमाहुः परमां गतिम् |
यं प्राप्य न निवर्तन्ते तद्धाम परमं मम ||८-२१||","8.21 What is called the Unmanifested and the Imperishable, That they say is the highest goal. They who reach It do not return (to this Samsara). That is My highest abode (place or state).",Karma Yoga
8,22,"पुरुषः स परः पार्थ भक्त्या लभ्यस्त्वनन्यया |
यस्यान्तःस्थानि भूतानि येन सर्वमिदं ततम् ||८-२२||","8.22 That highest Purusha, O Arjuna, is attainable by unswerving devotion to Him alone within Whom all beings dwell and by Whom all this is pervaded.",Bhakti Yoga
8,23,"यत्र काले त्वनावृत्तिमावृत्तिं चैव योगिनः |
प्रयाता यान्ति तं कालं वक्ष्यामि भरतर्षभ ||८-२३||","8.23 Now I will tell thee, O chief of Bharatas, the times departing at which the Yogis will return or not return.",Jnana Yoga
8,24,"अग्निर्जोतिरहः शुक्लः षण्मासा उत्तरायणम् |
तत्र प्रयाता गच्छन्ति ब्रह्म ब्रह्मविदो जनाः ||८-२४||","8.24 Fire, light daytime, the bright fortnight, the six months of the northern path of the sun (the northern solstice)  departing then (by these) men who know Brahman go to Brahman.",Bhakti Yoga
8,25,"धूमो रात्रिस्तथा कृष्णः षण्मासा दक्षिणायनम् |
तत्र चान्द्रमसं ज्योतिर्योगी प्राप्य निवर्तते ||८-२५||","8.25 Attaining to the lunar light by smoke, night time, the dark fortnight also, the six months of the southern path of the sun (the southern solstice), the Yogi returns.",Jnana Yoga
8,26,"शुक्लकृष्णे गती ह्येते जगतः शाश्वते मते |
एकया यात्यनावृत्तिमन्ययावर्तते पुनः ||८-२६||",8.26 The bright and the dark paths of the world are verily thought to be eternal; by the one (the bright path) a man goes not to return and by the other (the dark path) he returns.,Bhakti Yoga
8,27,"नैते सृती पार्थ जानन्योगी मुह्यति कश्चन |
तस्मात्सर्वेषु कालेषु योगयुक्तो भवार्जुन ||८-२७||","8.27 Knowing these paths, O Arjuna, no Yogi is deluded; therefore at all times be steadfast in Yoga.",Jnana Yoga
8,28,"वेदेषु यज्ञेषु तपःसु चैव
दानेषु यत्पुण्यफलं प्रदिष्टम् |
अत्येति तत्सर्वमिदं विदित्वा
योगी परं स्थानमुपैति चाद्यम् ||८-२८||","8.28 Whatever fruit of merit is declared (in the scriptures) to accrue from (the study of) the Vedas, (the performance of) sacrifices, (the practice of) austerities, and gifts  beyond all this goes the Yogi, having known this; and he attains to the Supreme Primeval (first or ancient) Abode.",Bhakti Yoga
9,1,"श्रीभगवानुवाच |
इदं तु ते गुह्यतमं प्रवक्ष्याम्यनसूयवे |
ज्ञानं विज्ञानसहितं यज्ज्ञात्वा मोक्ष्यसेऽशुभात् ||९-१||","9.1 The Blessed Lord said  I shall now declare to thee who does not cavil, the greatest secret, the knowledge combined with experience (Self-realisation). Having known this thou shalt be free evil.",Jnana Yoga
9,2,"राजविद्या राजगुह्यं पवित्रमिदमुत्तमम् |
प्रत्यक्षावगमं धर्म्यं सुसुखं कर्तुमव्ययम् ||९-२||","9.2 This is the kingl science, the kingly secret, the supreme purifier, realisable by direct intuitional knowledge, according to righteousness, very easy to perform and imperishable.",Jnana Yoga
9,3,"अश्रद्दधानाः पुरुषा धर्मस्यास्य परन्तप |
अप्राप्य मां निवर्तन्ते मृत्युसंसारवर्त्मनि ||९-३||","9.3 Those who have no faith in this Dharma (knowledge of the Self), O Parantapa (Arjuna), return to the path of this world of death without attaining Me.",Bhakti Yoga
9,4,"मया ततमिदं सर्वं जगदव्यक्तमूर्तिना |
मत्स्थानि सर्वभूतानि न चाहं तेष्ववस्थितः ||९-४||","9.4 All this world is pervaded by Me in My unmanifest aspect; all beings exist in Me, but I do not dwell in them.",Bhakti Yoga
9,5,"न च मत्स्थानि भूतानि पश्य मे योगमैश्वरम् |
भूतभृन्न च भूतस्थो ममात्मा भूतभावनः ||९-५||","9.5 Nor do beings exist in Me (in reality); behold My divine Yoga, supporting all beings, but not dwelling in them, is My Self, the efficient cause of beings.",Bhakti Yoga
9,6,"यथाकाशस्थितो नित्यं वायुः सर्वत्रगो महान् |
तथा सर्वाणि भूतानि मत्स्थानीत्युपधारय ||९-६||","9.6 As the mighty wind, moving everywhere, rests always in the ether, even so, know thou that all beings rest in Me.",Bhakti Yoga
9,7,"सर्वभूतानि कौन्तेय प्रकृतिं यान्ति मामिकाम् |
कल्पक्षये पुनस्तानि कल्पादौ विसृजाम्यहम् ||९-७||","9.7 All beings, O Arjuna, go into My Nature at the end of a Kalpa; I send them forth again at the beginning of (the next) Kalpa.",Bhakti Yoga
9,8,"प्रकृतिं स्वामवष्टभ्य विसृजामि पुनः पुनः |
भूतग्राममिमं कृत्स्नमवशं प्रकृतेर्वशात् ||९-८||","9.8 Animating My Nature, I again and again send forth all this multitude of beings, helpless by the force of the Nature.",Bhakti Yoga
9,9,"न च मां तानि कर्माणि निबध्नन्ति धनञ्जय |
उदासीनवदासीनमसक्तं तेषु कर्मसु ||९-९||","9.9 These acts do not bind Me, O Arjuna, sitting like one indifferent, unattached to those acts.",Bhakti Yoga
9,10,"मयाध्यक्षेण प्रकृतिः सूयते सचराचरम् |
हेतुनानेन कौन्तेय जगद्विपरिवर्तते ||९-१०||","9.10 Under Me as supervisor, Nature produces the moving and the unmoving; because of this, O Arjuna, the world revolves.",Bhakti Yoga
9,11,"अवजानन्ति मां मूढा मानुषीं तनुमाश्रितम् |
परं भावमजानन्तो मम भूतमहेश्वरम् ||९-११||","9.11 Fools disregard Me, clad in human form, not knowing My higher Being as the great Lord of (all) beings.",Jnana Yoga
9,12,"मोघाशा मोघकर्माणो मोघज्ञाना विचेतसः |
राक्षसीमासुरीं चैव प्रकृतिं मोहिनीं श्रिताः ||९-१२||","9.12 Of vain hopes, of vain actions, of vain knowledge and senseless, they verily are possessed of the deceitful nature of demons and undivine beings.",Bhakti Yoga
9,13,"महात्मानस्तु मां पार्थ दैवीं प्रकृतिमाश्रिताः |
भजन्त्यनन्यमनसो ज्ञात्वा भूतादिमव्ययम् ||९-१३||","9.13 But the great souls, O Arjuna, partaking of My divine nature, worship Me with a single mind (with the mind devoted to nothing else), knowing Me as the imperishable source of beings.",Bhakti Yoga
9,14,"सततं कीर्तयन्तो मां यतन्तश्च दृढव्रताः |
नमस्यन्तश्च मां भक्त्या नित्ययुक्ता उपासते ||९-१४||","9.14 Always glorifying Me, striving,firm in vows, prostrating themselves before Me, they worship Me with devotion always steadfast.",Bhakti Yoga
9,15,"ज्ञानयज्ञेन चाप्यन्ये यजन्तो मामुपासते |
एकत्वेन पृथक्त्वेन बहुधा विश्वतोमुखम् ||९-१५||","9.15 Others also sacrificing with the wisdom-sacrifice worship Me, the All-faced, as one, as distinct, and as manifold.",Bhakti Yoga
9,16,"अहं क्रतुरहं यज्ञः स्वधाहमहमौषधम् |
मन्त्रोऽहमहमेवाज्यमहमग्निरहं हुतम् ||९-१६||",9.16 I am the Kratu; I am the Yajna; I am the offering (food) to the manes; I am the medicinal herbs and all the plants; I am the Mantra; I am also the Ghee or the melted butter; I am the fire; I am the oblation.,Bhakti Yoga
9,17,"पिताहमस्य जगतो माता धाता पितामहः |
वेद्यं पवित्रमोंकार ऋक्साम यजुरेव च ||९-१७||","9.17 I am the father of this world, the mother, the dispenser of the fruits of actions and the 
grandfather; the (one) thing to be known, the purifier, the sacred monosyllable (Om), and also the Rik-, the Sama-and the Yajur-Vedas.",Bhakti Yoga
9,18,"गतिर्भर्ता प्रभुः साक्षी निवासः शरणं सुहृत् |
प्रभवः प्रलयः स्थानं निधानं बीजमव्ययम् ||९-१८||","9.18 I am the goal, the supporter, the Lord, the witness, the abode, the shelter, the friend, the origin, the dissolution, the foundation, the treasure-house and the seed which is imperishable.",Bhakti Yoga
9,19,"तपाम्यहमहं वर्षं निगृह्णाम्युत्सृजामि च |
अमृतं चैव मृत्युश्च सदसच्चाहमर्जुन ||९-१९||","9.19 (As the sun) I give heat; I withhold and send forth the rain; I am immortality and also death, existence and non-existence, O Arjuna.",Bhakti Yoga
9,20,"त्रैविद्या मां सोमपाः पूतपापा
यज्ञैरिष्ट्वा स्वर्गतिं प्रार्थयन्ते |
ते पुण्यमासाद्य सुरेन्द्रलोक-
मश्नन्ति दिव्यान्दिवि देवभोगान् ||९-२०||","9.20 The knowers of the three Vedas, the drinkers of Soma, purified of all sins, worshipping Me by sacrifices, pray for the way to heaven; they reach the holy world of the Lord of the gods and enjoy in heavn the divine pleasures of the gods.",Bhakti Yoga
9,21,"ते तं भुक्त्वा स्वर्गलोकं विशालं
क्षीणे पुण्ये मर्त्यलोकं विशन्ति |
एवं त्रयीधर्ममनुप्रपन्ना
गतागतं कामकामा लभन्ते ||९-२१||","9.21 They, having enjoyed the vast heaven, enter the world of mortals when their merit is exhausted; thus abiding by the injunctions of the ï1threeï1 (Vedas) and desiring (objects of) desires, they attain to the state of going and returning.",Bhakti Yoga
9,22,"अनन्याश्चिन्तयन्तो मां ये जनाः पर्युपासते |
तेषां नित्याभियुक्तानां योगक्षेमं वहाम्यहम् ||९-२२||","9.22 For those men who worship Me alone, thinking of no other, for those ever-united, I secure what is not already possessed and preserve what they already possess.",Bhakti Yoga
9,23,"येऽप्यन्यदेवता भक्ता यजन्ते श्रद्धयान्विताः |
तेऽपि मामेव कौन्तेय यजन्त्यविधिपूर्वकम् ||९-२३||","9.23 Even those devotees who, endowed with faith, worship other gods, worship Me alone, O Arjuna, b the wrong method.",Bhakti Yoga
9,24,"अहं हि सर्वयज्ञानां भोक्ता च प्रभुरेव च |
न तु मामभिजानन्ति तत्त्वेनातश्च्यवन्ति ते ||९-२४||","9.24 (For) I alone am the enjoyer and also the Lord of all sacrifices; but they do not know Me in essence (in reality), and hence they fall (return to this mortal world).",Bhakti Yoga
9,25,"यान्ति देवव्रता देवान्पितॄन्यान्ति पितृव्रताः |
भूतानि यान्ति भूतेज्या यान्ति मद्याजिनोऽपि माम् ||९-२५||",9.25 The worshippers of the gods go to them; to the manes go the ancestor-worshippers; to the deities who preside over the elements go their worshippers; but My devotees come to Me.,Bhakti Yoga
9,26,"पत्रं पुष्पं फलं तोयं यो मे भक्त्या प्रयच्छति |
तदहं भक्त्युपहृतमश्नामि प्रयतात्मनः ||९-२६||","9.26 Whoever offers Me with devotion a leaf, a flower, a fruit or a little water  that, so offered devotedly by the pure-minded, I accept.",Bhakti Yoga
9,27,"यत्करोषि यदश्नासि यज्जुहोषि ददासि यत् |
यत्तपस्यसि कौन्तेय तत्कुरुष्व मदर्पणम् ||९-२७||","9.27 Whatever thou doest, whatever thou eatest, whatever thou offerest in sacrifice, whatever thou givest, whatever thou practisest as austerity, O Arjuna, do it as an offering unto Me.",Bhakti Yoga
9,28,"शुभाशुभफलैरेवं मोक्ष्यसे कर्मबन्धनैः |
संन्यासयोगयुक्तात्मा विमुक्तो मामुपैष्यसि ||९-२८||","9.28 Thus shalt thou be freed from the bonds of actions yielding good and evil fruits; with the mind steadfast in the Yoga of renunciation, and liberated, thou shalt come unto Me.",Bhakti Yoga
9,29,"समोऽहं सर्वभूतेषु न मे द्वेष्योऽस्ति न प्रियः |
ये भजन्ति तु मां भक्त्या मयि ते तेषु चाप्यहम् ||९-२९||",9.29 The same am I to all beings; to Me there is none hateful or dear; but those who worship Me with devotion are in Me and I am also in them.,Bhakti Yoga
9,30,"अपि चेत्सुदुराचारो भजते मामनन्यभाक् |
साधुरेव स मन्तव्यः सम्यग्व्यवसितो हि सः ||९-३०||","9.30 Even if the most sinful worships Me, with devotion to none else, he too should indeed by regarded as righteous for he has rightly resolved.",Bhakti Yoga
9,31,"क्षिप्रं भवति धर्मात्मा शश्वच्छान्तिं निगच्छति |
कौन्तेय प्रतिजानीहि न मे भक्तः प्रणश्यति ||९-३१||","9.31 Soon he becomes righteous and attains to eternal peace; O Arjuna, proclaim thou for certain that My devotee never perishes.",Bhakti Yoga
9,32,"मां हि पार्थ व्यपाश्रित्य येऽपि स्युः पापयोनयः |
स्त्रियो वैश्यास्तथा शूद्रास्तेऽपि यान्ति परां गतिम् ||९-३२||","9.32 For, taking refuge in Me, they also who, O Arjuna, may be of a sinful birth  women, Vaisyas as well as Sudras  attain the Supreme Goal.",Bhakti Yoga
9,33,"किं पुनर्ब्राह्मणाः पुण्या भक्ता राजर्षयस्तथा |
अनित्यमसुखं लोकमिमं प्राप्य भजस्व माम् ||९-३३||","9.33 How much more (easily) then the hold Brahmins and devoted royal saints (attain the goal); having come to this impermanent and unhappy world, do thou worship Me.",Bhakti Yoga
9,34,"मन्मना भव मद्भक्तो मद्याजी मां नमस्कुरु |
मामेवैष्यसि युक्त्वैवमात्मानं मत्परायणः ||९-३४||","9.34 Fix thy mind on Me; by devoted to Me; sacrifice unto Me; bow down to Me; having thus united thy whole self to Me, taking Me as the supreme goal, thou shalt come unto Me.",Bhakti Yoga
10,1,"श्रीभगवानुवाच |
भूय एव महाबाहो शृणु मे परमं वचः |
यत्तेऽहं प्रीयमाणाय वक्ष्यामि हितकाम्यया ||१०-१||","10.1 The Blessed Lord said  Again, O mighty-armed Arjuna, listen to my supreme word which I will declare to thee who who art beloved, for thy welfare.",Bhakti Yoga
10,2,"न मे विदुः सुरगणाः प्रभवं न महर्षयः |
अहमादिर्हि देवानां महर्षीणां च सर्वशः ||१०-२||",10.2 Neither the hosts of the gods nor the great sages know My origin; for in every way I am the source of all the gods and the great sages.,Jnana Yoga
10,3,"यो मामजमनादिं च वेत्ति लोकमहेश्वरम् |
असम्मूढः स मर्त्येषु सर्वपापैः प्रमुच्यते ||१०-३||","10.3 He who knows Me as unborn and beginningless, as the great Lord of the worlds, he, among mortals, is undeluded and he is liberated from all sins.",Bhakti Yoga
10,4,"बुद्धिर्ज्ञानमसम्मोहः क्षमा सत्यं दमः शमः |
सुखं दुःखं भवोऽभावो भयं चाभयमेव च ||१०-४||","10.4 Intellect, wisdom, non-delusion, forgiveness, truth, self-restraint, calmness, happiness, pain, existence or birth, non-existence or death, fear and also fearlessness.",Jnana Yoga
10,5,"अहिंसा समता तुष्टिस्तपो दानं यशोऽयशः |
भवन्ति भावा भूतानां मत्त एव पृथग्विधाः ||१०-५||","10.5 Non-injury, eanimity, contentment, austerity, beneficence, fame, ill-fame  (these) different kinds of alities of beings arise from Me alone.",Jnana Yoga
10,6,"महर्षयः सप्त पूर्वे चत्वारो मनवस्तथा |
मद्भावा मानसा जाता येषां लोक इमाः प्रजाः ||१०-६||","10.6 The seven great sages, the ancient four and also the Manus, possessed of powers like Me (on account of their minds being fixed on Me), were born of (My) mind; from them are these creatures born in this world.",Jnana Yoga
10,7,"एतां विभूतिं योगं च मम यो वेत्ति तत्त्वतः |
सोऽविकम्पेन योगेन युज्यते नात्र संशयः ||१०-७||",10.7 He who in truth knows these manifold manifestations of My Being and (this) Yoga-power of Mine becomes established in the unshakable Yoga; there is no doubt about it.,Jnana Yoga
10,8,"अहं सर्वस्य प्रभवो मत्तः सर्वं प्रवर्तते |
इति मत्वा भजन्ते मां बुधा भावसमन्विताः ||१०-८||","10.8 I am the source of all; from Me everything evolves; understanding thus, the wise, endowed with meditation, worship Me.",Bhakti Yoga
10,9,"मच्चित्ता मद्गतप्राणा बोधयन्तः परस्परम् |
कथयन्तश्च मां नित्यं तुष्यन्ति च रमन्ति च ||१०-९||","10.9 With their mind and their life wholly absorbed in Me, enlightening each other and ever speaking of Me, they are satisfied and delighted.",Bhakti Yoga
10,10,"तेषां सततयुक्तानां भजतां प्रीतिपूर्वकम् |
ददामि बुद्धियोगं तं येन मामुपयान्ति ते ||१०-१०||","10.10 To them who are ever steadfast, worshipping Me with love, I give the Yoga of discrimination by which they come to Me.",Bhakti Yoga
10,11,"तेषामेवानुकम्पार्थमहमज्ञानजं तमः |
नाशयाम्यात्मभावस्थो ज्ञानदीपेन भास्वता ||१०-११||","10.11 Out of mere compassion for them, I, dwelling within their Self, destroy the darkness born of ignorance by the luminous lamp of knowledge.",Bhakti Yoga
10,12,"अर्जुन उवाच |
परं ब्रह्म परं धाम पवित्रं परमं भवान् |
पुरुषं शाश्वतं दिव्यमादिदेवमजं विभुम् ||१०-१२||","10.12 Arjuna said  Thou art the Supreme Brahman, the supreme abode (or the supreme light), the supreme purifier, eternal, divine Person, the primeval God, unborn andn omnipresent.",Bhakti Yoga
10,13,"आहुस्त्वामृषयः सर्वे देवर्षिर्नारदस्तथा |
असितो देवलो व्यासः स्वयं चैव ब्रवीषि मे ||१०-१३||","10.13 All the sages have thus declared Thee, as also the divine sage Narada; so also Asita, Devala and Vyasa; and now Thou Thyself sayest so to me.",Bhakti Yoga
10,14,"सर्वमेतदृतं मन्ये यन्मां वदसि केशव |
न हि ते भगवन्व्यक्तिं विदुर्देवा न दानवाः ||१०-१४||","10.14 I believe all this that Thou sayest to me to be true, O Krishna; verily, O blessed Lord! neither the gods nor the demons know Thy manifestation (origin).",Bhakti Yoga
10,15,"स्वयमेवात्मनात्मानं वेत्थ त्वं पुरुषोत्तम |
भूतभावन भूतेश देवदेव जगत्पते ||१०-१५||",Swami Sivananda did not comment on this sloka,Bhakti Yoga
10,16,"वक्तुमर्हस्यशेषेण दिव्या ह्यात्मविभूतयः |
याभिर्विभूतिभिर्लोकानिमांस्त्वं व्याप्य तिष्ठसि ||१०-१६||","10.16 Thou shouldst indeed tell, without reserve, of Thy divine glories by which Thou existest, pervading all these worlds. (None else can do so.)",Bhakti Yoga
10,17,"कथं विद्यामहं योगिंस्त्वां सदा परिचिन्तयन् |
केषु केषु च भावेषु चिन्त्योऽसि भगवन्मया ||१०-१७||","10.17 How shall I, ever meditating, know Thee, O Yogin? In what aspects or things, O blessed 
Lord, art Thou to be thought of by me?",Jnana Yoga
10,18,"विस्तरेणात्मनो योगं विभूतिं च जनार्दन |
भूयः कथय तृप्तिर्हि शृण्वतो नास्ति मेऽमृतम् ||१०-१८||","10.18 Tell me again in detail, O Krishna, of Thy Yogic power and glory; for I am not satiated with what I have heard of Thy life-giving and nectar-like speech.",Bhakti Yoga
10,19,"श्रीभगवानुवाच |
हन्त ते कथयिष्यामि दिव्या ह्यात्मविभूतयः |
प्राधान्यतः कुरुश्रेष्ठ नास्त्यन्तो विस्तरस्य मे ||१०-१९||","10.19 The Blessed Lord said  Very well! Now I will declare to thee My divine glories in their prominence, O Arjuna; there is no end to their detailed description.",Bhakti Yoga
10,20,"अहमात्मा गुडाकेश सर्वभूताशयस्थितः |
अहमादिश्च मध्यं च भूतानामन्त एव च ||१०-२०||","10.20 I am the Self, O Gudakesa, seated in the hearts of all beings; I am the beginning, the middle and also the end of all beings.",Bhakti Yoga
10,21,"आदित्यानामहं विष्णुर्ज्योतिषां रविरंशुमान् |
मरीचिर्मरुतामस्मि नक्षत्राणामहं शशी ||१०-२१||","10.21 Among the (twelve) Adityas, I am Vishnu; among luminaries, the radiant sun; I am Marichi among the (seven or forty-nine) Maruts; among stars the moon am I.",Bhakti Yoga
10,22,"वेदानां सामवेदोऽस्मि देवानामस्मि वासवः |
इन्द्रियाणां मनश्चास्मि भूतानामस्मि चेतना ||१०-२२||",10.22 Among the Vedas I am the Sama-Veda; I am Vasava among the gods; among the senses I am the mind; and I am intelligence among living beings.,Jnana Yoga
10,23,"रुद्राणां शङ्करश्चास्मि वित्तेशो यक्षरक्षसाम् |
वसूनां पावकश्चास्मि मेरुः शिखरिणामहम् ||१०-२३||","10.23 And, among the Rudras I am Sankara; among the Yakshas and Rakshasas, the Lord of wealth (Kubera); among the Vasus I am Pavaka (fire); and among the (seven) mountains I am the Meru.",Bhakti Yoga
10,24,"पुरोधसां च मुख्यं मां विद्धि पार्थ बृहस्पतिम् |
सेनानीनामहं स्कन्दः सरसामस्मि सागरः ||१०-२४||","10.24 And, among the household priests (of kings), O Arjuna, know Me to be the chief, Brihaspati; among the army generals I am Skana; among lakes I am the ocean.
'",Bhakti Yoga
10,25,"महर्षीणां भृगुरहं गिरामस्म्येकमक्षरम् |
यज्ञानां जपयज्ञोऽस्मि स्थावराणां हिमालयः ||१०-२५||",10.25 Among the great sages I am Bhrigu; among words I am the one syllable (Om); among sacrifices I am the sacrifice of silent repetition; among the immovable things I am the Himalayas.,Bhakti Yoga
10,26,"अश्वत्थः सर्ववृक्षाणां देवर्षीणां च नारदः |
गन्धर्वाणां चित्ररथः सिद्धानां कपिलो मुनिः ||१०-२६||","10.26 Among all the trees ( I am) the Peepul; among the divine sages, I am Narada; among Gandharvas, Chitraratha; among the perfected, the sage Kapila.",Bhakti Yoga
10,27,"उच्चैःश्रवसमश्वानां विद्धि माममृतोद्भवम् |
ऐरावतं गजेन्द्राणां नराणां च नराधिपम् ||१०-२७||","10.27 Know Me as Ucchaisravas born of nectar, among horses; among lordly elephants (I am) the Airavata; and, among men, the king.",Bhakti Yoga
10,28,"आयुधानामहं वज्रं धेनूनामस्मि कामधुक् |
प्रजनश्चास्मि कन्दर्पः सर्पाणामस्मि वासुकिः ||१०-२८||","10.28 Among weapons I am the thunderbolt; among cows I am the wish-fulfilling cow called Kamadhenu; I am the progenitor, the god of love; among serpents I am Vasuki.",Bhakti Yoga
10,29,"अनन्तश्चास्मि नागानां वरुणो यादसामहम् |
पितॄणामर्यमा चास्मि यमः संयमतामहम् ||१०-२९||",10.29 I am Ananta among the Nagas; I am Varuna among water-deities; Aryaman among the Manes I am; I am Yama among the governors.,Bhakti Yoga
10,30,"प्रह्लादश्चास्मि दैत्यानां कालः कलयतामहम् |
मृगाणां च मृगेन्द्रोऽहं वैनतेयश्च पक्षिणाम् ||१०-३०||","10.30 And, I am Prahlada among the demons, among the reckoners I am time; among beasts I am the lion, and Vainateya (Garuda) among birds.",Bhakti Yoga
10,31,"पवनः पवतामस्मि रामः शस्त्रभृतामहम् |
झषाणां मकरश्चास्मि स्रोतसामस्मि जाह्नवी ||१०-३१||",10.31 Among the purifiers (or the speeders) I am the wind; Rama among the warriors am I; among the fishes I am the shark; among the streams I am the Ganga.,Bhakti Yoga
10,32,"सर्गाणामादिरन्तश्च मध्यं चैवाहमर्जुन |
अध्यात्मविद्या विद्यानां वादः प्रवदतामहम् ||१०-३२||","10.32 Among creations I am the beginning, the middle and also the end, O Arjuna; among the sciences I am the science of the Self; and I am the logic among controversialists.",Jnana Yoga
10,33,"अक्षराणामकारोऽस्मि द्वन्द्वः सामासिकस्य च |
अहमेवाक्षयः कालो धाताहं विश्वतोमुखः ||१०-३३||","10.33 Among the letters of the alphabets, the letter 'A' I am and the dual among the compounds. I am verily the inexhaustible or everlasting time; I am the dispenser (of the fruits of actions) having 
faces in all directions.",Jnana Yoga
10,34,"मृत्युः सर्वहरश्चाहमुद्भवश्च भविष्यताम् |
कीर्तिः श्रीर्वाक्च नारीणां स्मृतिर्मेधा धृतिः क्षमा ||१०-३४||","10.34 And I am the all-devouring Death, and the prosperity of those who are to be prosperous; among the feminine alities (I am) fame, prosperity, speech, memory, intelligence, firmness and forgiveness.",Bhakti Yoga
10,35,"बृहत्साम तथा साम्नां गायत्री छन्दसामहम् |
मासानां मार्गशीर्षोऽहमृतूनां कुसुमाकरः ||१०-३५||",10.35 Among the hymns also I am the Brihatsaman; among metres Gayatri am I; among the montsh I am the Margasirsha; among the seasons (I am) the flowery season.,Bhakti Yoga
10,36,"द्यूतं छलयतामस्मि तेजस्तेजस्विनामहम् |
जयोऽस्मि व्यवसायोऽस्मि सत्त्वं सत्त्ववतामहम् ||१०-३६||",10.36 I am the gambling of the fraudulent; I am the splendour of the splendid; I am victory; I am determination (of those who are determined); I am the goodness of the good.,Bhakti Yoga
10,37,"वृष्णीनां वासुदेवोऽस्मि पाण्डवानां धनञ्जयः |
मुनीनामप्यहं व्यासः कवीनामुशना कविः ||१०-३७||","10.37 Among the Vrishnis I am Vaasudeva; among the Pandavas I am Arjuna; among the sages I am Vyasa; among the Poets I am Usanas, the poet.",Bhakti Yoga
10,38,"दण्डो दमयतामस्मि नीतिरस्मि जिगीषताम् |
मौनं चैवास्मि गुह्यानां ज्ञानं ज्ञानवतामहम् ||१०-३८||","10.38 Of those who punish, I am the sceptre; among those who seek victory, I am statesmanship; and also among secrets, I am silence; knowledge among knowers I am.",Bhakti Yoga
10,39,"यच्चापि सर्वभूतानां बीजं तदहमर्जुन |
न तदस्ति विना यत्स्यान्मया भूतं चराचरम् ||१०-३९||","10.39 And whatever is the seed of all beings, that also am I, O Arjuna; there is no being, whether moving or unmoving, that can exist without Me.",Bhakti Yoga
10,40,"नान्तोऽस्ति मम दिव्यानां विभूतीनां परन्तप |
एष तूद्देशतः प्रोक्तो विभूतेर्विस्तरो मया ||१०-४०||","10.40 There is no end to My divine gloreis, O Arjuna, but this is a brief statement by Me of the particulars of My divine glories.",Bhakti Yoga
10,41,"यद्यद्विभूतिमत्सत्त्वं श्रीमदूर्जितमेव वा |
तत्तदेवावगच्छ त्वं मम तेजोंऽशसम्भवम् ||१०-४१||","10.41 Whatever being there is glorious, prosperous or powerful, that know thou to be a manifestation of a part of My splendour.",Bhakti Yoga
10,42,"अथवा बहुनैतेन किं ज्ञातेन तवार्जुन |
विष्टभ्याहमिदं कृत्स्नमेकांशेन स्थितो जगत् ||१०-४२||","10.42 But, of what avail to thee is the knowledge of all these details, O Arjuna? I exist, supporting this whole world by one part of Myself.",Bhakti Yoga
11,1,"अर्जुन उवाच |
मदनुग्रहाय परमं गुह्यमध्यात्मसंज्ञितम् |
यत्त्वयोक्तं वचस्तेन मोहोऽयं विगतो मम ||११-१||","11.1 Arjuna said  By this word (explanation) of the highest secret concerning the Self which Thou hast spoken, for the sake of blessing me, my delusion is gone.",Jnana Yoga
11,2,"भवाप्ययौ हि भूतानां श्रुतौ विस्तरशो मया |
त्वत्तः कमलपत्राक्ष माहात्म्यमपि चाव्ययम् ||११-२||","11.2 The origin and the destruction of beings verily have been heard by me in detail from Thee, O lotus-eyed Lord, and also Thy inexhaustible greatness.",Bhakti Yoga
11,3,"एवमेतद्यथात्थ त्वमात्मानं परमेश्वर |
द्रष्टुमिच्छामि ते रूपमैश्वरं पुरुषोत्तम ||११-३||","11.3 (Now) O Supreme Lord, as Thou hast thus described Thyself, O Supreme Person, I wish to see Thy divine form.",Bhakti Yoga
11,4,"मन्यसे यदि तच्छक्यं मया द्रष्टुमिति प्रभो |
योगेश्वर ततो मे त्वं दर्शयात्मानमव्ययम् ||११-४||","11.4 If Thou, O Lord, thinkest it possible for me to see it, do Thou, then, O Lord of the Yogins, show me Thy imperishable Self.",Bhakti Yoga
11,5,"श्रीभगवानुवाच |
पश्य मे पार्थ रूपाणि शतशोऽथ सहस्रशः |
नानाविधानि दिव्यानि नानावर्णाकृतीनि च ||११-५||","11.5 The Blessed Lord said  Behold, O Arjuna, forms of Mine, by the hundreds and thousands, of different sorts, divine, and of various colours and shapes.",Bhakti Yoga
11,6,"पश्यादित्यान्वसून्रुद्रानश्विनौ मरुतस्तथा |
बहून्यदृष्टपूर्वाणि पश्याश्चर्याणि भारत ||११-६||","11.6 Behold the Adityas, the Vasus, the Rudras, the two Asvins and also the Maruts; behold many wonders never seen before, O Arjuna.",Bhakti Yoga
11,7,"इहैकस्थं जगत्कृत्स्नं पश्याद्य सचराचरम् |
मम देहे गुडाकेश यच्चान्यद् द्रष्टुमिच्छसि ||११-७||","11.7 Now behold, O Arjuna, in this, My body, the whole universe centred in one  including the moving and the unmoving  and whatever else thou desirest to see.",Bhakti Yoga
11,8,"न तु मां शक्यसे द्रष्टुमनेनैव स्वचक्षुषा |
दिव्यं ददामि ते चक्षुः पश्य मे योगमैश्वरम् ||११-८||",11.8 But thou art not able to behold Me with these thine own eyes; I give thee the divine eye; behold My lordly Yoga.,Bhakti Yoga
11,9,"सञ्जय उवाच |
एवमुक्त्वा ततो राजन्महायोगेश्वरो हरिः |
दर्शयामास पार्थाय परमं रूपमैश्वरम् ||११-९||","11.9 Sanjaya said  Having thus spoken, O king, the great Lord of Yoga, hari (Krishna), showed to Arjuna His supreme form as the Lord.",Bhakti Yoga
11,10,"अनेकवक्त्रनयनमनेकाद्भुतदर्शनम् |
अनेकदिव्याभरणं दिव्यानेकोद्यतायुधम् ||११-१०||","11.10 With numerous mouths and eyes, with numerous wonderful sights, with numerous divine ornaments, with numerous divine weapons uplifted (such a form He showed).",Bhakti Yoga
11,11,"दिव्यमाल्याम्बरधरं दिव्यगन्धानुलेपनम् |
सर्वाश्चर्यमयं देवमनन्तं विश्वतोमुखम् ||११-११||","11.11 Wearing divine garlands (necklaces) and apparel, anointed with divine unguents, the all-wonderful, resplendent (Being) endless with faces on all sides.",Bhakti Yoga
11,12,"दिवि सूर्यसहस्रस्य भवेद्युगपदुत्थिता |
यदि भाः सदृशी सा स्याद्भासस्तस्य महात्मनः ||११-१२||","11.12 If the splendour of a thousand suns were to blaze out at once (simultaneously) in the sky, that would be the splendour of that mighty Being (great Soul).",Bhakti Yoga
11,13,"तत्रैकस्थं जगत्कृत्स्नं प्रविभक्तमनेकधा |
अपश्यद्देवदेवस्य शरीरे पाण्डवस्तदा ||११-१३||","11.13 There, in the body of the God of gods, Arjuna then saw the whole universe resting in one, with its many groups.",Bhakti Yoga
11,14,"ततः स विस्मयाविष्टो हृष्टरोमा धनञ्जयः |
प्रणम्य शिरसा देवं कृताञ्जलिरभाषत ||११-१४||","11.14 Then, Arjuna, filled with wonder and with his hair standing on end, bowed down his head to the God and spoke with joined palms.",Bhakti Yoga
11,15,"अर्जुन उवाच |
पश्यामि देवांस्तव देव देहे
सर्वांस्तथा भूतविशेषसङ्घान् |
ब्रह्माणमीशं कमलासनस्थ-
मृषींश्च सर्वानुरगांश्च दिव्यान् ||११-१५||","11.15 Arjuna said  I see all the gods, O God, in Thy body, and (also) hosts of various classes of beings, Brahma, the Lord, seated on the lotus, all the sages and the celestial serpents.",Bhakti Yoga
11,16,"अनेकबाहूदरवक्त्रनेत्रं
पश्यामि त्वां सर्वतोऽनन्तरूपम् |
नान्तं न मध्यं न पुनस्तवादिं
पश्यामि विश्वेश्वर विश्वरूप ||११-१६||","11.16 I see Thee of boundless form on every side with many arms, stomachs, mouths and eyes: neither the end nor the middle nor also the beginning do I see, O Lord of the universe, O Cosmic Form.",Bhakti Yoga
11,17,"किरीटिनं गदिनं चक्रिणं च
तेजोराशिं सर्वतो दीप्तिमन्तम् |
पश्यामि त्वां दुर्निरीक्ष्यं समन्ताद्
दीप्तानलार्कद्युतिमप्रमेयम् ||११-१७||","11.17 I see Thee with the diadem, the club and the discus, a mass of radiance shining 
everywhere, very hard to look at, blazing all round like burning fire and the sun, and immeasurable.",Bhakti Yoga
11,18,"त्वमक्षरं परमं वेदितव्यं
त्वमस्य विश्वस्य परं निधानम् |
त्वमव्ययः शाश्वतधर्मगोप्ता
सनातनस्त्वं पुरुषो मतो मे ||११-१८||","11.18 Thou art the Imperishable, the Supreme Being, worthy to be known. Thou art the great treasure-house of this universe; Thou art the imperishable protector of the eternal Dhrama; Thou art the Primal Person, I deem.",Bhakti Yoga
11,19,"अनादिमध्यान्तमनन्तवीर्य-
मनन्तबाहुं शशिसूर्यनेत्रम् |
पश्यामि त्वां दीप्तहुताशवक्त्रं
स्वतेजसा विश्वमिदं तपन्तम् ||११-१९||","11.19 I see Thee without beginning, middle or end, infinite in power, of endless arms, the sun and the moon being Thy eyes, the burning fire Thy mouth, heating the whole universe with Thy radiance.",Bhakti Yoga
11,20,"द्यावापृथिव्योरिदमन्तरं हि
व्याप्तं त्वयैकेन दिशश्च सर्वाः |
दृष्ट्वाद्भुतं रूपमुग्रं तवेदं
लोकत्रयं प्रव्यथितं महात्मन् ||११-२०||","11.20 This space between the earth and the heaven and all the arters are filled by Thee alone; having seen this, Thy wonderful and teriible form, the three worlds are trembling with fear, O great-souled Being.",Bhakti Yoga
11,21,"अमी हि त्वां सुरसङ्घा विशन्ति
केचिद्भीताः प्राञ्जलयो गृणन्ति |
स्वस्तीत्युक्त्वा महर्षिसिद्धसङ्घाः
स्तुवन्ति त्वां स्तुतिभिः पुष्कलाभिः ||११-२१||","11.21 Verily, into Thee enter these hosts of gods; some extol Thee in fear with joined palms; saying 'may it be well', bands of great sages and perfected ones praise Thee with hymns complete.",Bhakti Yoga
11,22,"रुद्रादित्या वसवो ये च साध्या
विश्वेऽश्विनौ मरुतश्चोष्मपाश्च |
गन्धर्वयक्षासुरसिद्धसङ्घा
वीक्षन्ते त्वां विस्मिताश्चैव सर्वे ||११-२२||","11.22 The Rudras, Adityas, Vasus, Sadhyas, Visvedevas, the two Asvins, Maruts, the manes and the hosts of celestial singers, Yakshas, demons and the perfected ones, are all looking at Thee, in great amazement.",Bhakti Yoga
11,23,"रूपं महत्ते बहुवक्त्रनेत्रं
महाबाहो बहुबाहूरुपादम् |
बहूदरं बहुदंष्ट्राकरालं
दृष्ट्वा लोकाः प्रव्यथितास्तथाहम् ||११-२३||","11.23 Having seen Thy immeasurable form with many mouths and eyes, O mighty-armed, with many arms, thighs and feet, with many stomachs and fearful with many teeth  the worlds are terrified and so am I.",Bhakti Yoga
11,24,"नभःस्पृशं दीप्तमनेकवर्णं
व्यात्ताननं दीप्तविशालनेत्रम् |
दृष्ट्वा हि त्वां प्रव्यथितान्तरात्मा
धृतिं न विन्दामि शमं च विष्णो ||११-२४||","11.24 On seeing Thee (the Cosmic Form) touching the sky, shining in many colours, with mouths wide open, with large fiery eyes, I am terrified at heart and find neither courage nor peace, O Vishnu.",Bhakti Yoga
11,25,"दंष्ट्राकरालानि च ते मुखानि
दृष्ट्वैव कालानलसन्निभानि |
दिशो न जाने न लभे च शर्म
प्रसीद देवेश जगन्निवास ||११-२५||","11.25 Having seen Thy mouths fearful with teeth (blazing) like the fires of cosmic dissolution, I know not the four arters, nor do I find peace. Have mercy, O Lord of the gods, O abode of the universe.",Bhakti Yoga
11,26,"अमी च त्वां धृतराष्ट्रस्य पुत्राः
सर्वे सहैवावनिपालसङ्घैः |
भीष्मो द्रोणः सूतपुत्रस्तथासौ
सहास्मदीयैरपि योधमुख्यैः ||११-२६||","11.26 All the sons of Dhritarashtra, with the hosts of kings of the earth, Bhishma, Drona and Karna, with the chief among our warriors.",Bhakti Yoga
11,27,"वक्त्राणि ते त्वरमाणा विशन्ति
दंष्ट्राकरालानि भयानकानि |
केचिद्विलग्ना दशनान्तरेषु
सन्दृश्यन्ते चूर्णितैरुत्तमाङ्गैः ||११-२७||","11.27 Some hurriedly enter Thy mouths with their terrible teeth, fearful to behold. Some are found sticking in the gaps between the teeth with their heads crushed to powder.",Bhakti Yoga
11,28,"यथा नदीनां बहवोऽम्बुवेगाः
समुद्रमेवाभिमुखा द्रवन्ति |
तथा तवामी नरलोकवीरा
विशन्ति वक्त्राण्यभिविज्वलन्ति ||११-२८||","11.28 Verily, just as many torrents of rivers flow towards the ocean, even so these heroes in the world of men enter Thy flaming mouths.",Bhakti Yoga
11,29,"यथा प्रदीप्तं ज्वलनं पतङ्गा
विशन्ति नाशाय समृद्धवेगाः |
तथैव नाशाय विशन्ति लोकास्-
तवापि वक्त्राणि समृद्धवेगाः ||११-२९||","11.29 As moths hurriedly rush into a blazing fire for (their own) destruction, so also these creatures hurriedly rush into Thy mouths for (their own) destruction.",Bhakti Yoga
11,30,"लेलिह्यसे ग्रसमानः समन्ताल्-
लोकान्समग्रान्वदनैर्ज्वलद्भिः |
तेजोभिरापूर्य जगत्समग्रं
भासस्तवोग्राः प्रतपन्ति विष्णो ||११-३०||","11.30 Thou lickest up, devouring all the worlds on every side with Thy flaming mouths. Thy fierce rays, filling the whole world with radiance, are burning, O Vishnu!",Bhakti Yoga
11,31,"आख्याहि मे को भवानुग्ररूपो
नमोऽस्तु ते देववर प्रसीद |
विज्ञातुमिच्छामि भवन्तमाद्यं
न हि प्रजानामि तव प्रवृत्तिम् ||११-३१||","11.31 Tell me, who Thou art, so fierce of form. Salutations to Thee, O God Supreme: have mercy. I desire to know Thee, the original Being. I know not indeed Thy working.",Bhakti Yoga
11,32,"श्रीभगवानुवाच |
कालोऽस्मि लोकक्षयकृत्प्रवृद्धो
लोकान्समाहर्तुमिह प्रवृत्तः |
ऋतेऽपि त्वां न भविष्यन्ति सर्वे
येऽवस्थिताः प्रत्यनीकेषु योधाः ||११-३२||","11.32 The Blessed Lord said  I am the full-grown world-destroying Time, now engaged in destroying the worlds. Even without thee, none of the warriors arrayed in the hostile armies shall live.",Bhakti Yoga
11,33,"तस्मात्त्वमुत्तिष्ठ यशो लभस्व
जित्वा शत्रून् भुङ्क्ष्व राज्यं समृद्धम् |
मयैवैते निहताः पूर्वमेव
निमित्तमात्रं भव सव्यसाचिन् ||११-३३||","11.33 Therefore, stand up and obtain fame. Coner the enemies and enjoy the unrivalled kingdom. Verily by Me have they been already slain; be thou a mere instrument, O Arjuna.",Bhakti Yoga
11,34,"द्रोणं च भीष्मं च जयद्रथं च
कर्णं तथान्यानपि योधवीरान् |
मया हतांस्त्वं जहि मा व्यथिष्ठा
युध्यस्व जेतासि रणे सपत्नान् ||११-३४||","11.34 Drona, Bhishma, Jayadratha, Karna and other brave warriors  these are already slain by Me: do thou kill; be not distressed with fear; fight and thou shalt coner thy enemies in battle.",Bhakti Yoga
11,35,"सञ्जय उवाच |
एतच्छ्रुत्वा वचनं केशवस्य
कृताञ्जलिर्वेपमानः किरीटी |
नमस्कृत्वा भूय एवाह कृष्णं
सगद्गदं भीतभीतः प्रणम्य ||११-३५||","11.35 Sanjaya said  Having heard that speech of Lord Krishna, Arjuna, with joined palms, trembling, prostrating himself, again addressed Krishna, in a choked voice, bowing down, overwhelmed with fear.",Bhakti Yoga
11,36,"अर्जुन उवाच |
स्थाने हृषीकेश तव प्रकीर्त्या
जगत्प्रहृष्यत्यनुरज्यते च |
रक्षांसि भीतानि दिशो द्रवन्ति
सर्वे नमस्यन्ति च सिद्धसङ्घाः ||११-३६||","11.36 Arjuna said  It is meet, O Krishna, that the world delights and rejoices in Thy praise; demons fly in fear to all arters and the hosts of the perfected ones bow to Thee.",Bhakti Yoga
11,37,"कस्माच्च ते न नमेरन्महात्मन्
गरीयसे ब्रह्मणोऽप्यादिकर्त्रे |
अनन्त देवेश जगन्निवास
त्वमक्षरं सदसत्तत्परं यत् ||११-३७||","11.37 And why should they not, O great Soul, bow to Thee Who art greater (than all else), the primal cause even of the Creator (Brahma), O Infinite Being, O Lord of the gods, O Abode of the universe; Thou art the imperishable, the Being, the non-being and That which is the supreme (that which is beyond the Being and the non-being).",Bhakti Yoga
11,38,"त्वमादिदेवः पुरुषः पुराणस्-
त्वमस्य विश्वस्य परं निधानम् |
वेत्तासि वेद्यं च परं च धाम
त्वया ततं विश्वमनन्तरूप ||११-३८||","11.38 Thou art the primal God, the ancient Purusha, the supreme refuge of this universe, the knower, the knowable and the supreme Abode. By Thee is the universe pervaded, O Being of infinite forms.",Bhakti Yoga
11,39,"वायुर्यमोऽग्निर्वरुणः शशाङ्कः
प्रजापतिस्त्वं प्रपितामहश्च |
नमो नमस्तेऽस्तु सहस्रकृत्वः
पुनश्च भूयोऽपि नमो नमस्ते ||११-३९||","11.39 Thou art Vayu, Yama, Agni, Varuna, the moon, the Creator, and the great-grandfather. Salutations, salutations unto Thee, a thousand times, and again salutations, salutations unto Thee.",Bhakti Yoga
11,40,"नमः पुरस्तादथ पृष्ठतस्ते
नमोऽस्तु ते सर्वत एव सर्व |
अनन्तवीर्यामितविक्रमस्त्वं
सर्वं समाप्नोषि ततोऽसि सर्वः ||११-४०||","11.40 Salutations to Thee, in front and behind! Salutations to Thee on every side! O All!! Thou infinite in power and prowess, pervadest all; wherefore Thou art all.",Bhakti Yoga
11,41,"सखेति मत्वा प्रसभं यदुक्तं
हे कृष्ण हे यादव हे सखेति |
अजानता महिमानं तवेदं
मया प्रमादात्प्रणयेन वापि ||११-४१||","11.41 Whatever I have presumptuously said from carelessness or love, addressing Thee as O Krishna! O Yadava! O Friend! regarding Thee merely as a friend, unknowing of this, Thy greatness.",Bhakti Yoga
11,42,"यच्चावहासार्थमसत्कृतोऽसि
विहारशय्यासनभोजनेषु |
एकोऽथवाप्यच्युत तत्समक्षं
तत्क्षामये त्वामहमप्रमेयम् ||११-४२||","11.42 In whatever way I may have insulted Thee for the sake of fun, while at play, reposing, sitting or at meals, when alone (with Thee), O Krishna, or in company  that I implore Thee, immeasurable one, to forgive.",Bhakti Yoga
11,43,"पितासि लोकस्य चराचरस्य
त्वमस्य पूज्यश्च गुरुर्गरीयान् |
न त्वत्समोऽस्त्यभ्यधिकः कुतोऽन्यो
लोकत्रयेऽप्यप्रतिमप्रभाव ||११-४३||","11.43 Thou art the Father of this world, moving and unmoving. Thou art to be adored by this world, Thou, the greatest Guru; (for) none there exists who is eal to Thee; how then could there be another superior to Thee in the three worlds, O Being of unealled power?",Bhakti Yoga
11,44,"तस्मात्प्रणम्य प्रणिधाय कायं
प्रसादये त्वामहमीशमीड्यम् |
पितेव पुत्रस्य सखेव सख्युः
प्रियः प्रियायार्हसि देव सोढुम् ||११-४४||","11.44 Therefore, bowing down, prostrating my body, I crave Thy forgiveness, O adorable Lord. As a father forgives his son, a friend his (dear) friend, a lover his beloved, even so shouldst Thou 
forgive me, O God.",Bhakti Yoga
11,45,"अदृष्टपूर्वं हृषितोऽस्मि दृष्ट्वा
भयेन च प्रव्यथितं मनो मे |
तदेव मे दर्शय देव रूपं
प्रसीद देवेश जगन्निवास ||११-४५||","11.45 I am delighted, having seen what has never been seen before; and yet my mind is distressed with fear. Show me that (previous) form only, O God; have mercy, O God of gods, O Abode of the universe.",Bhakti Yoga
11,46,"किरीटिनं गदिनं चक्रहस्तं
इच्छामि त्वां द्रष्टुमहं तथैव |
तेनैव रूपेण चतुर्भुजेन
सहस्रबाहो भव विश्वमूर्ते ||११-४६||","11.46 I desire to see Thee as before, crowned, bearing a mace, with the discus in hand, in Thy former form only, having four arms, O thousand-armed, Cosmic Form (Being).",Bhakti Yoga
11,47,"श्रीभगवानुवाच |
मया प्रसन्नेन तवार्जुनेदं
रूपं परं दर्शितमात्मयोगात् |
तेजोमयं विश्वमनन्तमाद्यं
यन्मे त्वदन्येन न दृष्टपूर्वम् ||११-४७||","11.47 The Blessed Lord said  O Arjuna, this Cosmic Form has graciously been shown to thee by Me by My own Yogic power; full of splendour, primeval, and infinite, this Cosmic Form of Mine has never been seen before by anyone other than thyself.",Bhakti Yoga
11,48,"न वेदयज्ञाध्ययनैर्न दानैर्-
न च क्रियाभिर्न तपोभिरुग्रैः |
एवंरूपः शक्य अहं नृलोके
द्रष्टुं त्वदन्येन कुरुप्रवीर ||११-४८||","11.48 Neither by the study of the Vedas and sacrifices, nor by gifts nor by rituals nor by severe austerities can I be seen in this form in the world of men by any other than thyself, O great hero of the Kurus (Arjuna).",Bhakti Yoga
11,49,"मा ते व्यथा मा च विमूढभावो
दृष्ट्वा रूपं घोरमीदृङ्ममेदम् |
व्यपेतभीः प्रीतमनाः पुनस्त्वं
तदेव मे रूपमिदं प्रपश्य ||११-४९||","11.49 Be not afraid, nor bewildered on seeing such a teriible form of Mine as this; with thy fear dispelled and with a gladdened heart, now behold again this former form of Mine.",Bhakti Yoga
11,50,"सञ्जय उवाच |
इत्यर्जुनं वासुदेवस्तथोक्त्वा
स्वकं रूपं दर्शयामास भूयः |
आश्वासयामास च भीतमेनं
भूत्वा पुनः सौम्यवपुर्महात्मा ||११-५०||","11.50 Sanjaya said  Having thus spoken to Arjuna, Krishna again showed His own form and the great Soul (Krishna), assuming His gentle form, consoled him (Arjuna) who was terrified.",Bhakti Yoga
11,51,"अर्जुन उवाच |
दृष्ट्वेदं मानुषं रूपं तव सौम्यं जनार्दन |
इदानीमस्मि संवृत्तः सचेताः प्रकृतिं गतः ||११-५१||","11.51 Arjuna said  Having seen this Thy gentle human form, O Krishna, now I am composed and am restored to my own nature.",Bhakti Yoga
11,52,"श्रीभगवानुवाच |
सुदुर्दर्शमिदं रूपं दृष्टवानसि यन्मम |
देवा अप्यस्य रूपस्य नित्यं दर्शनकाङ्क्षिणः ||११-५२||",11.52 The Blessed Lord said  Very hard indeed it is to see this form of Mine which thou hast seen. Even the gods are ever longing to behold it.,Bhakti Yoga
11,53,"नाहं वेदैर्न तपसा न दानेन न चेज्यया |
शक्य एवंविधो द्रष्टुं दृष्टवानसि मां यथा ||११-५३||","11.53 Neither by the Vedas nor by austerity, nor by gift, nor by sacrifice can I be seen in this form as thou hast seen Me (so easily).",Bhakti Yoga
11,54,"भक्त्या त्वनन्यया शक्य अहमेवंविधोऽर्जुन |
ज्ञातुं द्रष्टुं च तत्त्वेन प्रवेष्टुं च परन्तप ||११-५४||","11.54 But by single-minded devotion can I, of this Form, be known and seen in reality and also entered into, O Arjuna.",Bhakti Yoga
11,55,"मत्कर्मकृन्मत्परमो मद्भक्तः सङ्गवर्जितः |
निर्वैरः सर्वभूतेषु यः स मामेति पाण्डव ||११-५५||","11.55 He who does all actions for Me, who looks upon Me as the Supreme, who is devoted to Me, who is free from attachment, who bears enmity towards no creature, he comes to Me, O Arjuna.",Bhakti Yoga
12,1,"अर्जुन उवाच |
एवं सततयुक्ता ये भक्तास्त्वां पर्युपासते |
ये चाप्यक्षरमव्यक्तं तेषां के योगवित्तमाः ||१२-१||","12.1 Arjuna said  Those devotees who, ever steadfast, thus worship Thee and those also who worship the imperishable and the unmanifested  which of them are better versed in Yoga?",Bhakti Yoga
12,2,"श्रीभगवानुवाच |
मय्यावेश्य मनो ये मां नित्ययुक्ता उपासते |
श्रद्धया परयोपेताः ते मे युक्ततमा मताः ||१२-२||","12.2 The Blessed Lord said  Those who, fixing their mind on Me, worship Me, ever steadfast and endowed with supreme faith, are the best in Yoga in My opinion.",Bhakti Yoga
12,3,"ये त्वक्षरमनिर्देश्यमव्यक्तं पर्युपासते |
सर्वत्रगमचिन्त्यञ्च कूटस्थमचलन्ध्रुवम् ||१२-३||",Swami Sivananda did not comment on this sloka,Bhakti Yoga
12,4,"सन्नियम्येन्द्रियग्रामं सर्वत्र समबुद्धयः |
ते प्राप्नुवन्ति मामेव सर्वभूतहिते रताः ||१२-४||","12.4 Having restrained all the senses, even-minded everywhere, intent on the welfare of all beings  verily they also come unto Me.",Bhakti Yoga
12,5,"क्लेशोऽधिकतरस्तेषामव्यक्तासक्तचेतसाम् |
अव्यक्ता हि गतिर्दुःखं देहवद्भिरवाप्यते ||१२-५||","12.5 Greater is their trouble whose minds are set on the unmanifested; for the goal; the unmanifested, is very hard for the embodied to reach.",Jnana Yoga
12,6,"ये तु सर्वाणि कर्माणि मयि संन्यस्य मत्परः |
अनन्येनैव योगेन मां ध्यायन्त उपासते ||१२-६||","12.6 But to those who worship Me, renouncing all actions in Me, regarding Me as the supreme gaol, meditating on Me with single-minded Yoga.",Bhakti Yoga
12,7,"तेषामहं समुद्धर्ता मृत्युसंसारसागरात् |
भवामि नचिरात्पार्थ मय्यावेशितचेतसाम् ||१२-७||","12.7 To those whose minds are set on Me, O Arjuna, verily I become ere long the saviour out of the ocean of Samsara.",Bhakti Yoga
12,8,"मय्येव मन आधत्स्व मयि बुद्धिं निवेशय |
निवसिष्यसि मय्येव अत ऊर्ध्वं न संशयः ||१२-८||","12.8 Fix thy mind in Me only, thy intellect in Me, (then) thou shalt no doubt live in Me alone hereafter.",Bhakti Yoga
12,9,"अथ चित्तं समाधातुं न शक्नोषि मयि स्थिरम् |
अभ्यासयोगेन ततो मामिच्छाप्तुं धनञ्जय ||१२-९||","12.9 If thou art unable to fix thy mind steadily on Me, then by the Yoga of constant practice do thou seek to reach Me, O Arjuna.",Bhakti Yoga
12,10,"अभ्यासेऽप्यसमर्थोऽसि मत्कर्मपरमो भव |
मदर्थमपि कर्माणि कुर्वन्सिद्धिमवाप्स्यसि ||१२-१०||","12.10 If thou art unable to practise even this Abhyasa Yoga, be thou intent on doing actions for My sake; even by doing actions for My sake, thou shalt attain perfection.",Karma Yoga
12,11,"अथैतदप्यशक्तोऽसि कर्तुं मद्योगमाश्रितः |
सर्वकर्मफलत्यागं ततः कुरु यतात्मवान् ||१२-११||","12.11 If thou art unable to do even this, then, resorting to union with Me, renounce the fruits of all actions with the self controlled.",Bhakti Yoga
12,12,"श्रेयो हि ज्ञानमभ्यासाज्ज्ञानाद्ध्यानं विशिष्यते |
ध्यानात्कर्मफलत्यागस्त्यागाच्छान्तिरनन्तरम् ||१२-१२||",12.12 Better indeed is knowledge than practice; than knowledge meditation is better; than meditation the renunciation of the fruits of actions: peace immediately follows renunciation.,Jnana Yoga
12,13,"अद्वेष्टा सर्वभूतानां मैत्रः करुण एव च |
निर्ममो निरहङ्कारः समदुःखसुखः क्षमी ||१२-१३||","12.13 He who hates no creature, who is friendly and compassionate to all, who is free from attachment and egoism, balanced in pleasure and pain, and forgiving.",Bhakti Yoga
12,14,"सन्तुष्टः सततं योगी यतात्मा दृढनिश्चयः |
मय्यर्पितमनोबुद्धिर्यो मद्भक्तः स मे प्रियः ||१२-१४||","12.14 Ever content, steady in meditation, self-controlled, possessed of firm conviction, with the mind and intellect dedicated to Me, he, My devtoee, is dear to Me.",Bhakti Yoga
12,15,"यस्मान्नोद्विजते लोको लोकान्नोद्विजते च यः |
हर्षामर्षभयोद्वेगैर्मुक्तो यः स च मे प्रियः ||१२-१५||","12.15 He by whom the world is not agitated and who cannot be agitated by the world, and who is freed from joy, anger, fear and anxiety  he is dear to Me.",Bhakti Yoga
12,16,"अनपेक्षः शुचिर्दक्ष उदासीनो गतव्यथः |
सर्वारम्भपरित्यागी यो मद्भक्तः स मे प्रियः ||१२-१६||","12.16 He who is free from wants, pure, expert, unconcerned, and free from pain, renouncing all undertakings or commencements  he who is (thus) devoted to Me, is dear to Me.",Bhakti Yoga
12,17,"यो न हृष्यति न द्वेष्टि न शोचति न काङ्क्षति |
शुभाशुभपरित्यागी भक्तिमान्यः स मे प्रियः ||१२-१७||","12.17 He who neither rejoices, nor hates, nor grieves, nor desires, renouncing good and evil, and who is full of devotion, is dear to Me.",Bhakti Yoga
12,18,"समः शत्रौ च मित्रे च तथा मानापमानयोः |
शीतोष्णसुखदुःखेषु समः सङ्गविवर्जितः ||१२-१८||",Swami Sivananda did not comment on this sloka,Bhakti Yoga
12,19,"तुल्यनिन्दास्तुतिर्मौनी सन्तुष्टो येन केनचित् |
अनिकेतः स्थिरमतिर्भक्तिमान्मे प्रियो नरः ||१२-१९||","12.19 He to whom censure and praise are eal, who is silent, content with anything, homeless, of a steady mind, and full of devotion  that man is dear to Me.",Bhakti Yoga
12,20,"ये तु धर्म्यामृतमिदं यथोक्तं पर्युपासते |
श्रद्दधाना मत्परमा भक्तास्तेऽतीव मे प्रियाः ||१२-२०||","12.20 They verily who follow this immortal Dharma (law or doctrine) as described above, endowed with faith, regarding Me as their supreme goal, they, the devotees, are exceedingly dear to Me.",Bhakti Yoga
13,1,"अर्जुन उवाच |
प्रकृतिं पुरुषं चैव क्षेत्रं क्षेत्रज्ञमेव च |
एतद्वेदितुमिच्छामि ज्ञानं ज्ञेयं च केशव ||१३-१||","13.1 Arjuna said  I wish to learn about Nature (matter) and the Spirit (soul), the field and the knower of the field, knowledge and that which ought to be known, O Kesava.",Jnana Yoga
13,2,"श्रीभगवानुवाच |
इदं शरीरं कौन्तेय क्षेत्रमित्यभिधीयते |
एतद्यो वेत्ति तं प्राहुः क्षेत्रज्ञ इति तद्विदः ||१३-२||","13.2 The Blessed Lord said  This body, O Arjuna, is called the field; he who knows it is called the knower of the field, by those who know of them.",Bhakti Yoga
13,3,"क्षेत्रज्ञं चापि मां विद्धि सर्वक्षेत्रेषु भारत |
क्षेत्रक्षेत्रज्ञयोर्ज्ञानं यत्तज्ज्ञानं मतं मम ||१३-३||","13.3 Do thou also know Me as the knower of the field in all fields, O Arjuna. Knowledge of both the field and the knower of the field is considered by Me to be ï1the ï1 knowledge.",Jnana Yoga
13,4,"तत्क्षेत्रं यच्च यादृक्च यद्विकारि यतश्च यत् |
स च यो यत्प्रभावश्च तत्समासेन मे शृणु ||१३-४||","13.4 What the field is and of what nature, what are its modifications and whence it is and also who He is and what His powers are  hear all that from Me in brief.",Bhakti Yoga
13,5,"ऋषिभिर्बहुधा गीतं छन्दोभिर्विविधैः पृथक् |
ब्रह्मसूत्रपदैश्चैव हेतुमद्भिर्विनिश्चितैः ||१३-५||","13.5 Sages have sung in many ways, in various distinctive chants and also in the suggestive words indicative of the Absolute, full of reasoning and decisive.",Bhakti Yoga
13,6,"महाभूतान्यहंकारो बुद्धिरव्यक्तमेव च |
इन्द्रियाणि दशैकं च पञ्च चेन्द्रियगोचराः ||१३-६||","13.6 The great elements, egoism, intellect, and also the Unmanifested Nature, the ten senses and one (mind), and the five objects of the senses.",Jnana Yoga
13,7,"इच्छा द्वेषः सुखं दुःखं संघातश्चेतना धृतिः |
एतत्क्षेत्रं समासेन सविकारमुदाहृतम् ||१३-७||","13.7 Desire, hatred, pleasure, pain, the aggregate (the body), intelligence, fortitude  the field has thus been briefly described with its modifications.",Bhakti Yoga
13,8,"अमानित्वमदम्भित्वमहिंसा क्षान्तिरार्जवम् |
आचार्योपासनं शौचं स्थैर्यमात्मविनिग्रहः ||१३-८||","13.8 Humility, unpretentiousness, non-injury, forgiveness, uprightness, service of the teacher, purity, steadfastness, self-control.",Bhakti Yoga
13,9,"इन्द्रियार्थेषु वैराग्यमनहंकार एव च |
जन्ममृत्युजराव्याधिदुःखदोषानुदर्शनम् ||१३-९||","13.9 Indifference to the objects of the senses and also absence of egoism; perception of (or reflection on) the evil in birth, death, old age, sickness and pain.",Bhakti Yoga
13,10,"असक्तिरनभिष्वङ्गः पुत्रदारगृहादिषु |
नित्यं च समचित्तत्वमिष्टानिष्टोपपत्तिषु ||१३-१०||","13.10 Non-attachment, non-identification of the Self with son, wife, home and the rest, and constant even-mindedness on the attainment of the desirable and the undesirable.",Bhakti Yoga
13,11,"मयि चानन्ययोगेन भक्तिरव्यभिचारिणी |
विविक्तदेशसेवित्वमरतिर्जनसंसदि ||१३-११||","13.11 Unswerving devotion unto Me by the Yoga of non-separation, resort to solitary places, distaste for the society of men.",Bhakti Yoga
13,12,"अध्यात्मज्ञाननित्यत्वं तत्त्वज्ञानार्थदर्शनम् |
एतज्ज्ञानमिति प्रोक्तमज्ञानं यदतोऽन्यथा ||१३-१२||","13.12 Constancy in Self-knowledge, perception of the end of true knowledge  this is declared to be knowledge, and what is opposed to it is ignorance.",Jnana Yoga
13,13,"ज्ञेयं यत्तत्प्रवक्ष्यामि यज्ज्ञात्वामृतमश्नुते |
अनादिमत्परं ब्रह्म न सत्तन्नासदुच्यते ||१३-१३||","13.13 I will declare that which has to be known, knowing which one attains to immortality, the beginningless supreme Brahman, called neither being nor non-being.",Jnana Yoga
13,14,"सर्वतः पाणिपादं तत्सर्वतोऽक्षिशिरोमुखम् |
सर्वतः श्रुतिमल्लोके सर्वमावृत्य तिष्ठति ||१३-१४||","13.14 With hands and feet everywhere, with eyes, heads and mouths everywhere, with ears everywhere, He exists in the worlds enveloping all.",Bhakti Yoga
13,15,"सर्वेन्द्रियगुणाभासं सर्वेन्द्रियविवर्जितम् |
असक्तं सर्वभृच्चैव निर्गुणं गुणभोक्तृ च ||१३-१५||","13.15 Shining by the functions of all the senses, yet without the senses; unattached, yet supporting all; devoid of alities, yet their experiencer.",Bhakti Yoga
13,16,"बहिरन्तश्च भूतानामचरं चरमेव च |
सूक्ष्मत्वात्तदविज्ञेयं दूरस्थं चान्तिके च तत् ||१३-१६||","13.16 Without and within (all) beings the unmoving and also the moving; because of Its subtlety, unknowable; and near and far away is That.",Jnana Yoga
13,17,"अविभक्तं च भूतेषु विभक्तमिव च स्थितम् |
भूतभर्तृ च तज्ज्ञेयं ग्रसिष्णु प्रभविष्णु च ||१३-१७||","13.17 And undivided, yet It exists as if divided in beings; It is to be known as the supporter of being; It devours and It generates.",Bhakti Yoga
13,18,"ज्योतिषामपि तज्ज्योतिस्तमसः परमुच्यते |
ज्ञानं ज्ञेयं ज्ञानगम्यं हृदि सर्वस्य विष्ठितम् ||१३-१८||","13.18 That, the Light of all lights, is said to be beyond darkness: knowledge, the knowable and the goal of knowledge, seated in the hearts of all.",Jnana Yoga
13,19,"इति क्षेत्रं तथा ज्ञानं ज्ञेयं चोक्तं समासतः |
मद्भक्त एतद्विज्ञाय मद्भावायोपपद्यते ||१३-१९||","13.19 Thus the field, as well as knowledge and the knowable have been briefly stated. My devotee, knowing this, enters into My Being.",Bhakti Yoga
13,20,"प्रकृतिं पुरुषं चैव विद्ध्यनादी उभावपि |
विकारांश्च गुणांश्चैव विद्धि प्रकृतिसम्भवान् ||१३-२०||",13.20 Know thou that Nature (matter) and the Spirit are both beginningless; and know also that all modifications and alities are born of Nature.,Jnana Yoga
13,21,"कार्यकारणकर्तृत्वे हेतुः प्रकृतिरुच्यते |
पुरुषः सुखदुःखानां भोक्तृत्वे हेतुरुच्यते ||१३-२१||","13.21 In the production of the effect and the cause, Nature (matter) is said to be the cause; in the experience of pleasure and pain, the soul is said to be the cause.",Jnana Yoga
13,22,"पुरुषः प्रकृतिस्थो हि भुङ्क्ते प्रकृतिजान्गुणान् |
कारणं गुणसङ्गोऽस्य सदसद्योनिजन्मसु ||१३-२२||",13.22 The soul seated in Nature experiences the alities born of Nature; attachment to the alities is the cause of its birth in good and evil wombs.,Bhakti Yoga
13,23,"उपद्रष्टानुमन्ता च भर्ता भोक्ता महेश्वरः |
परमात्मेति चाप्युक्तो देहेऽस्मिन्पुरुषः परः ||१३-२३||","13.23 The Supreme Soul in this body is also called the spectator, the permitter, the supporter, the enjoyer, the great Lord and the Supreme Self.",Bhakti Yoga
13,24,"य एवं वेत्ति पुरुषं प्रकृतिं च गुणैः सह |
सर्वथा वर्तमानोऽपि न स भूयोऽभिजायते ||१३-२४||","13.24 He who thus knows the Spirit and Matter together with the alities, in whatever condition he may be, he is not born again.",Jnana Yoga
13,25,"ध्यानेनात्मनि पश्यन्ति केचिदात्मानमात्मना |
अन्ये साङ्ख्येन योगेन कर्मयोगेन चापरे ||१३-२५||","13.25 Some by meditation behold the Self in the self by the self, others by the Yoga of knowledge, and still others by the Yoga of action.",Jnana Yoga
13,26,"अन्ये त्वेवमजानन्तः श्रुत्वान्येभ्य उपासते |
तेऽपि चातितरन्त्येव मृत्युं श्रुतिपरायणाः ||१३-२६||","13.26 Others also, not knowing thus, worship, having heard of It from others; they, too, cross beyond death, regarding what they have heard as the Supreme refuge.",Bhakti Yoga
13,27,"यावत्सञ्जायते किञ्चित्सत्त्वं स्थावरजङ्गमम् |
क्षेत्रक्षेत्रज्ञसंयोगात्तद्विद्धि भरतर्षभ ||१३-२७||","13.27 Wherever a being is born, whether unmoving or moving, know thou, O best of the Bharatas (Arjuna), that it is from the union between the field and its knower.",Jnana Yoga
13,28,"समं सर्वेषु भूतेषु तिष्ठन्तं परमेश्वरम् |
विनश्यत्स्वविनश्यन्तं यः पश्यति स पश्यति ||१३-२८||","13.28 He sees, who sees the Supreme Lord, existing eally in all beings, the unperishing within the perishing.",Bhakti Yoga
13,29,"समं पश्यन्हि सर्वत्र समवस्थितमीश्वरम् |
न हिनस्त्यात्मनात्मानं ततो याति परां गतिम् ||१३-२९||",13.29 Because he who sees the same Lord eally dwelling everywhere does not destroy the Self by the self; he goes to the highest goal.,Jnana Yoga
13,30,"प्रकृत्यैव च कर्माणि क्रियमाणानि सर्वशः |
यः पश्यति तथात्मानमकर्तारं स पश्यति ||१३-३०||","13.30 He sees, who sees that all actions are performed by Nature alone and that the Self is actionless.",Jnana Yoga
13,31,"यदा भूतपृथग्भावमेकस्थमनुपश्यति |
तत एव च विस्तारं ब्रह्म सम्पद्यते तदा ||१३-३१||","13.31 When a man sees the whole variety of beings as resting in the One, and spreading forth from That alone, he then becomes Brahman.",Bhakti Yoga
13,32,"अनादित्वान्निर्गुणत्वात्परमात्मायमव्ययः |
शरीरस्थोऽपि कौन्तेय न करोति न लिप्यते ||१३-३२||","13.32 Being without beginning and being devoid of (any) alities, the Supreme Self, imperishable, though dwelling in the body, O Arjuna, neither acts nor is tainted.",Bhakti Yoga
13,33,"यथा सर्वगतं सौक्ष्म्यादाकाशं नोपलिप्यते |
सर्वत्रावस्थितो देहे तथात्मा नोपलिप्यते ||१३-३३||","13.33 As the all-pervading ether is not tainted, because of its subtlety, so the Self seated everywhere in the body is not tainted.",Bhakti Yoga
13,34,"यथा प्रकाशयत्येकः कृत्स्नं लोकमिमं रविः |
क्षेत्रं क्षेत्री तथा कृत्स्नं प्रकाशयति भारत ||१३-३४||","13.34 Just as the one sun illumines the whole world, so also the Lord of the field (Supreme Self) 
illumines the whole field, O Arjuna.",Bhakti Yoga
13,35,"क्षेत्रक्षेत्रज्ञयोरेवमन्तरं ज्ञानचक्षुषा |
भूतप्रकृतिमोक्षं च ये विदुर्यान्ति ते परम् ||१३-३५||","13.35 They who, by the eye of knowledge, perceive the distinction between the field and its knower and also the liberation from the Nature of being, go to the Supreme.",Jnana Yoga
14,1,"श्रीभगवानुवाच |
परं भूयः प्रवक्ष्यामि ज्ञानानां ज्ञानमुत्तमम् |
यज्ज्ञात्वा मुनयः सर्वे परां सिद्धिमितो गताः ||१४-१||","14.1 The Blessed Lord said  I will again declare (to thee) that supreme knowledge, the best of all knowledge, having known which all the sages have gone to the supreme perfection after this life.",Jnana Yoga
14,2,"इदं ज्ञानमुपाश्रित्य मम साधर्म्यमागताः |
सर्गेऽपि नोपजायन्ते प्रलये न व्यथन्ति च ||१४-२||","14.2 They who, having taken refuge in this knowledge, have attained to unity with Me, are neither born at the time of creation nor are they disturbed at the time of dissolution.",Bhakti Yoga
14,3,"मम योनिर्महद् ब्रह्म तस्मिन्गर्भं दधाम्यहम् |
सम्भवः सर्वभूतानां ततो भवति भारत ||१४-३||","14.3 My womb is the great Brahma; in that I place the germ; thence, O Arjuna, is the birth of all beings.",Bhakti Yoga
14,4,"सर्वयोनिषु कौन्तेय मूर्तयः सम्भवन्ति याः |
तासां ब्रह्म महद्योनिरहं बीजप्रदः पिता ||१४-४||","14.4 Whatever forms are produced, O Arjuna, in any womb whatsoever, the great Brahma is their womb and I am the seed-giving father.",Bhakti Yoga
14,5,"सत्त्वं रजस्तम इति गुणाः प्रकृतिसम्भवाः |
निबध्नन्ति महाबाहो देहे देहिनमव्ययम् ||१४-५||","14.5 Purity, passion and inertia  these alities, O Arjuna, born of Nature, bind fast in the body, the embodied, the indestructible.",Bhakti Yoga
14,6,"तत्र सत्त्वं निर्मलत्वात्प्रकाशकमनामयम् |
सुखसङ्गेन बध्नाति ज्ञानसङ्गेन चानघ ||१४-६||","14.6 Of these, Sattva, which from its stainlessness is luminous and healthy, binds by attachment to happiness and by attachment to knowledge, O sinless one.",Bhakti Yoga
14,7,"रजो रागात्मकं विद्धि तृष्णासङ्गसमुद्भवम् |
तन्निबध्नाति कौन्तेय कर्मसङ्गेन देहिनम् ||१४-७||","14.7 Know thou Rajas to be of the nature of passion, the source of thirst (for sensual enjoyment) and attachment; it binds fast, O Arjuna, the embodied one by attachment to action.",Bhakti Yoga
14,8,"तमस्त्वज्ञानजं विद्धि मोहनं सर्वदेहिनाम् |
प्रमादालस्यनिद्राभिस्तन्निबध्नाति भारत ||१४-८||","14.8 But know thou Tamas to be born of ignorance, deluding all embodied beings; it binds fast, O Arjuna, by heedlessness, indolence and sleep.",Bhakti Yoga
14,9,"सत्त्वं सुखे सञ्जयति रजः कर्मणि भारत |
ज्ञानमावृत्य तु तमः प्रमादे सञ्जयत्युत ||१४-९||","14.9 Sattva attaches to happiness, Rajas to action, O Arjuna, while Tamas verily shrouding knowledge attaches to heedlessness.",Bhakti Yoga
14,10,"रजस्तमश्चाभिभूय सत्त्वं भवति भारत |
रजः सत्त्वं तमश्चैव तमः सत्त्वं रजस्तथा ||१४-१०||","14.10 Now Sattva arises (prevails), O Arjuna, having overpowered Rajas and Tamas; nor Rajas, having overpowered Sattva and Tamas; and now Tamas, having overpowered Sattva and Rajas.",Bhakti Yoga
14,11,"सर्वद्वारेषु देहेऽस्मिन्प्रकाश उपजायते |
ज्ञानं यदा तदा विद्याद्विवृद्धं सत्त्वमित्युत ||१४-११||","14.11 When through every gate (sense) in this body, the wisdom-light shines, then it may be known that Sattva is predominant.",Jnana Yoga
14,12,"लोभः प्रवृत्तिरारम्भः कर्मणामशमः स्पृहा |
रजस्येतानि जायन्ते विवृद्धे भरतर्षभ ||१४-१२||","14.12 Greed, activity, the undertaking of actions, restlessness, longing  these arise when Rajas is predominant, O Arjuna.",Bhakti Yoga
14,13,"अप्रकाशोऽप्रवृत्तिश्च प्रमादो मोह एव च |
तमस्येतानि जायन्ते विवृद्धे कुरुनन्दन ||१४-१३||","14.13 Darkness, inertness, heedlessness and delusion  these arise when Tamas is predominant, O Arjuna.",Bhakti Yoga
14,14,"यदा सत्त्वे प्रवृद्धे तु प्रलयं याति देहभृत् |
तदोत्तमविदां लोकानमलान्प्रतिपद्यते ||१४-१४||","14.14 If the embodied one meets with death when Sattva is predominant, then he attains to the spotless worlds of the knowers of the Highest.",Jnana Yoga
14,15,"रजसि प्रलयं गत्वा कर्मसङ्गिषु जायते |
तथा प्रलीनस्तमसि मूढयोनिषु जायते ||१४-१५||","14.15 Meeting death in Rajas, he is born among those who are attached to action; and dying in Tamas, he is born in the womb of the senseless.",Bhakti Yoga
14,16,"कर्मणः सुकृतस्याहुः सात्त्विकं निर्मलं फलम् |
रजसस्तु फलं दुःखमज्ञानं तमसः फलम् ||१४-१६||","14.16 The fruit of good action, they say, is Sattvic and pure, verily the fruit of Rajas is pain, and ignorance is the fruit of Tamas.",Bhakti Yoga
14,17,"सत्त्वात्सञ्जायते ज्ञानं रजसो लोभ एव च |
प्रमादमोहौ तमसो भवतोऽज्ञानमेव च ||१४-१७||","14.17 From Sattva arises knowledge, and greed from Rajas; heedlessness and delusion arise from Tamas, and also ignorance.",Jnana Yoga
14,18,"ऊर्ध्वं गच्छन्ति सत्त्वस्था मध्ये तिष्ठन्ति राजसाः |
जघन्यगुणवृत्तिस्था अधो गच्छन्ति तामसाः ||१४-१८||","14.18 Those who are seated in Sattva go upwards; the Rajasic dwell in the middle; and the Tamasic, abiding in the function of the lowest Guna, go downwards.",Bhakti Yoga
14,19,"नान्यं गुणेभ्यः कर्तारं यदा द्रष्टानुपश्यति |
गुणेभ्यश्च परं वेत्ति मद्भावं सोऽधिगच्छति ||१४-१९||","14.19 When the seer beholds no agent other than the Gunas and knows That which is higher than they, he attains to My Being.",Jnana Yoga
14,20,"गुणानेतानतीत्य त्रीन्देही देहसमुद्भवान् |
जन्ममृत्युजरादुःखैर्विमुक्तोऽमृतमश्नुते ||१४-२०||","14.20 The embodied one having crossed beyond these three Gunas out of which the body is evolved, is freed from birth, death, decay and pain, and attains to immortality.",Jnana Yoga
14,21,"अर्जुन उवाच |
कैर्लिङ्गैस्त्रीन्गुणानेतानतीतो भवति प्रभो |
किमाचारः कथं चैतांस्त्रीन्गुणानतिवर्तते ||१४-२१||","14.21 Arjuna said  What are the marks of him who has transcended the three alities, O Lord? What is his conduct and how does he go beyond these three alities?",Bhakti Yoga
14,22,"श्रीभगवानुवाच |
प्रकाशं च प्रवृत्तिं च मोहमेव च पाण्डव |
न द्वेष्टि सम्प्रवृत्तानि न निवृत्तानि काङ्क्षति ||१४-२२||","14.22 The Blessed Lord said  When light, activity and delusion are present, he hates them not, nor does he long for them when they are absent.",Bhakti Yoga
14,23,"उदासीनवदासीनो गुणैर्यो न विचाल्यते |
गुणा वर्तन्त इत्येवं योऽवतिष्ठति नेङ्गते ||१४-२३||","14.23 He who, seated like one unconcerned, is not moved by the alities, and who, knowing that the alities are active, is self-centred and moves not.",Jnana Yoga
14,24,"समदुःखसुखः स्वस्थः समलोष्टाश्मकाञ्चनः |
तुल्यप्रियाप्रियो धीरस्तुल्यनिन्दात्मसंस्तुतिः ||१४-२४||","14.24 Who is the same in pleasure and pain, who dwells in the Self, to whom a clod of earth, stone and gold are alike, who is the same to the dear and the unfriendly, who is firm, and to whom censure and praise are as one.",Bhakti Yoga
14,25,"मानापमानयोस्तुल्यस्तुल्यो मित्रारिपक्षयोः |
सर्वारम्भपरित्यागी गुणातीतः स उच्यते ||१४-२५||","14.25 Who is the same in honour and dishonour, the same to friend and foe, abandoning all undertakings  he is said to have transcended the alities.",Bhakti Yoga
14,26,"मां च योऽव्यभिचारेण भक्तियोगेन सेवते |
स गुणान्समतीत्यैतान्ब्रह्मभूयाय कल्पते ||१४-२६||","14.26 And he who serves Me with unswerving devotion, he, crossing beyond the alities, is fit for becoming Brahman.",Bhakti Yoga
14,27,"ब्रह्मणो हि प्रतिष्ठाहममृतस्याव्ययस्य च |
शाश्वतस्य च धर्मस्य सुखस्यैकान्तिकस्य च ||१४-२७||","14.27 For I am the abode of Brahman, the immortal and the immutable, of everlasting Dharma and of absolute bliss.",Bhakti Yoga
15,1,"श्रीभगवानुवाच |
ऊर्ध्वमूलमधःशाखमश्वत्थं प्राहुरव्ययम् |
छन्दांसि यस्य पर्णानि यस्तं वेद स वेदवित् ||१५-१||","15.1 The Blessed Lord said  They (the wise) speak of the indestructible peepul tree having its root above and branches below, whose leaves are the metres or hymns: he who knows it is a knower of the Vedas.",Bhakti Yoga
15,2,"अधश्चोर्ध्वं प्रसृतास्तस्य शाखा
गुणप्रवृद्धा विषयप्रवालाः |
अधश्च मूलान्यनुसन्ततानि
कर्मानुबन्धीनि मनुष्यलोके ||१५-२||","15.2 Below and above spread its branches, nourished by the Gunas; sense-objects are its buds; and below, in the world of men, stretch forth the roots, originating action.",Bhakti Yoga
15,3,"न रूपमस्येह तथोपलभ्यते
नान्तो न चादिर्न च सम्प्रतिष्ठा |
अश्वत्थमेनं सुविरूढमूलं
असङ्गशस्त्रेण दृढेन छित्त्वा ||१५-३||","15.3 Its form is not perceived here as such, neither its end nor its origin, nor its foundation nor resting place: having cut asunder this firmly rooted peepul tree with the strong axe of non-attachment.",Karma Yoga
15,4,"ततः पदं तत्परिमार्गितव्यं
यस्मिन्गता न निवर्तन्ति भूयः |
तमेव चाद्यं पुरुषं प्रपद्ये |
यतः प्रवृत्तिः प्रसृता पुराणी ||१५-४||","15.4 Then That goal should be sought for, whither having gone none returns again. I seek refuge in that Primeval Purusha Whence streamed forth the ancient activity or energy.",Bhakti Yoga
15,5,"निर्मानमोहा जितसङ्गदोषा
अध्यात्मनित्या विनिवृत्तकामाः |
द्वन्द्वैर्विमुक्ताः सुखदुःखसंज्ञैर्-
गच्छन्त्यमूढाः पदमव्ययं तत् ||१५-५||","15.5 Free from pride and delusion, victorious over the evil of attachment, dwelling constantly in the Self, their desires having completely turned away, freed from the pairs of opposites known as pleasure and pain, the undeluded reach the eternal goal.",Bhakti Yoga
15,6,"न तद्भासयते सूर्यो न शशाङ्को न पावकः |
यद्गत्वा न निवर्तन्ते तद्धाम परमं मम ||१५-६||","15.6 Neither doth the sun illumine there nor the moon, nor the fire; having gone thither they return not; that is My supreme abode.",Bhakti Yoga
15,7,"ममैवांशो जीवलोके जीवभूतः सनातनः |
मनःषष्ठानीन्द्रियाणि प्रकृतिस्थानि कर्षति ||१५-७||","15.7 An eternal portion of Myself having become a living soul in the world of life, draws to (itself) the (five) senses with the mind for the sixth, abiding in Nature.",Jnana Yoga
15,8,"शरीरं यदवाप्नोति यच्चाप्युत्क्रामतीश्वरः |
गृहीत्वैतानि संयाति वायुर्गन्धानिवाशयात् ||१५-८||","15.8 When the Lord (as the individual soul) obtains a body and when He leaves it, He takes these and goes (with them) as the wind takes the scents from their seats (flowers, etc.).",Bhakti Yoga
15,9,"श्रोत्रं चक्षुः स्पर्शनं च रसनं घ्राणमेव च |
अधिष्ठाय मनश्चायं विषयानुपसेवते ||१५-९||","15.9 Presiding over the ear, the eye, touch, taste and smell, as well as the mind, it enjoys the objects of the senses.",Jnana Yoga
15,10,"उत्क्रामन्तं स्थितं वापि भुञ्जानं वा गुणान्वितम् |
विमूढा नानुपश्यन्ति पश्यन्ति ज्ञानचक्षुषः ||१५-१०||","15.10 The deluded do not see Him Who departs, stays and enjoys; but they who possess the eye of knowledge behold Him.",Jnana Yoga
15,11,"यतन्तो योगिनश्चैनं पश्यन्त्यात्मन्यवस्थितम् |
यतन्तोऽप्यकृतात्मानो नैनं पश्यन्त्यचेतसः ||१५-११||","15.11 The Yogins striving (for perfection) behold Him dwelling in the Self; but, the unrefined and unintelligent, even though striving, see Him not.",Jnana Yoga
15,12,"यदादित्यगतं तेजो जगद्भासयतेऽखिलम् |
यच्चन्द्रमसि यच्चाग्नौ तत्तेजो विद्धि मामकम् ||१५-१२||","15.12 That light which residing in the sun illumines the whole world, that which is in the moon and in the fire  know that light to be Mine.",Jnana Yoga
15,13,"गामाविश्य च भूतानि धारयाम्यहमोजसा |
पुष्णामि चौषधीः सर्वाः सोमो भूत्वा रसात्मकः ||१५-१३||",15.13 Permeating the earth I support all beings by (My) energy; and having become the watery moon I nourish all herbs.,Bhakti Yoga
15,14,"अहं वैश्वानरो भूत्वा प्राणिनां देहमाश्रितः |
प्राणापानसमायुक्तः पचाम्यन्नं चतुर्विधम् ||१५-१४||","15.14 Having become the fire Vaisvanara, I abide in the body of living beings and, associated with the Prana and the Apana, digest the fourfold food.",Bhakti Yoga
15,15,"सर्वस्य चाहं हृदि सन्निविष्टो
मत्तः स्मृतिर्ज्ञानमपोहनञ्च |
वेदैश्च सर्वैरहमेव वेद्यो
वेदान्तकृद्वेदविदेव चाहम् ||१५-१५||","15.15 And I am seated in the hearts of all; from Me are memory and knowledge, as well as their absence. I am verily That which has to be known by all the Vedas; I am indeed the author of the Vedanta and the knower of the Vedas am I.",Jnana Yoga
15,16,"द्वाविमौ पुरुषौ लोके क्षरश्चाक्षर एव च |
क्षरः सर्वाणि भूतानि कूटस्थोऽक्षर उच्यते ||१५-१६||","15.16 Two Purushas there are in this world, the perishable and the imperishable. All beings are 
the perishable and the Kutastha  the unchanging  is called the imperishable.",Bhakti Yoga
15,17,"उत्तमः पुरुषस्त्वन्यः परमात्मेत्युधाहृतः |
यो लोकत्रयमाविश्य बिभर्त्यव्यय ईश्वरः ||१५-१७||","15.17 But distinct is the Supreme Purusha called the highest Self, the indestructible Lord Who, pervading the three worlds, sustains them.",Bhakti Yoga
15,18,"यस्मात्क्षरमतीतोऽहमक्षरादपि चोत्तमः |
अतोऽस्मि लोके वेदे च प्रथितः पुरुषोत्तमः ||१५-१८||","15.18 As I transcend the perishable and am even higher than the imperishable, I am declared to be the highest Purusha in the world and in the Vedas.",Karma Yoga
15,19,"यो मामेवमसम्मूढो जानाति पुरुषोत्तमम् |
स सर्वविद्भजति मां सर्वभावेन भारत ||१५-१९||","15.19 He who, undeluded, knows Me thus as the highest Purusha, he, knowing all, worships Me with his whole being (heart), O Arjuna.",Bhakti Yoga
15,20,"इति गुह्यतमं शास्त्रमिदमुक्तं मयानघ |
एतद्बुद्ध्वा बुद्धिमान्स्यात्कृतकृत्यश्च भारत ||१५-२०||","15.20 Thus, this most secret science has been taught by Me, O sinless one; on knowing this, a man becomes wise, and all his duties are accomplished, O Arjuna.",Jnana Yoga
16,1,"श्रीभगवानुवाच |
अभयं सत्त्वसंशुद्धिर्ज्ञानयोगव्यवस्थितिः |
दानं दमश्च यज्ञश्च स्वाध्यायस्तप आर्जवम् ||१६-१||","16.1 The Blessed Lord said  Fearlessness, purity of heart, steadfastness in knowledge and Yoga, almsgiving, control of the senses, sacrifice, study of scriptures, austerity and straightforwardness.",Bhakti Yoga
16,2,"अहिंसा सत्यमक्रोधस्त्यागः शान्तिरपैशुनम् |
दया भूतेष्वलोलुप्त्वं मार्दवं ह्रीरचापलम् ||१६-२||","16.2 Harmlessness, truth, absence of anger, renunciation, peacefulness, absence of crookedness, compassion towards beings, non-covetousness, gentleness, modesty, absence of fickleness.",Bhakti Yoga
16,3,"तेजः क्षमा धृतिः शौचमद्रोहो नातिमानिता |
भवन्ति सम्पदं दैवीमभिजातस्य भारत ||१६-३||","16.3 Vigour, forgiveness, fortitude, purity, absence of hatred, absence of pride  these belong to the one born for a divine state, O Arjuna.",Bhakti Yoga
16,4,"दम्भो दर्पोऽभिमानश्च क्रोधः पारुष्यमेव च |
अज्ञानं चाभिजातस्य पार्थ सम्पदमासुरीम् ||१६-४||","16.4 Hypocrisy, arrogance and self-conceit, anger and also harshness and ignorance, belong to one who is born for a demoniacal state, O Partha (Arjuna).",Bhakti Yoga
16,5,"दैवी सम्पद्विमोक्षाय निबन्धायासुरी मता |
मा शुचः सम्पदं दैवीमभिजातोऽसि पाण्डव ||१६-५||","16.5 The divine nature is deemed conducive to liberation, and the demoniacal to bondage. Grieve not, O Arjuna, thou art born with divine endowments.",Bhakti Yoga
16,6,"द्वौ भूतसर्गौ लोकेऽस्मिन्दैव आसुर एव च |
दैवो विस्तरशः प्रोक्त आसुरं पार्थ मे शृणु ||१६-६||","16.6 There are two types of beings in this world, the divine and the demoniacal; the divine has been described at length; hear from Me, O Arjuna, of the demoniacal.",Bhakti Yoga
16,7,"प्रवृत्तिं च निवृत्तिं च जना न विदुरासुराः |
न शौचं नापि चाचारो न सत्यं तेषु विद्यते ||१६-७||","16.7 The demoniacal know not what to do and what to refrain from; neither purity, nor right conduct nor truth is found in them.",Bhakti Yoga
16,8,"असत्यमप्रतिष्ठं ते जगदाहुरनीश्वरम् |
अपरस्परसम्भूतं किमन्यत्कामहैतुकम् ||१६-८||","16.8 They say, ""This universe is without truth, without (moral) basis, without a God, brought about by mutual union, with lust for its cause; what else?""",Bhakti Yoga
16,9,"एतां दृष्टिमवष्टभ्य नष्टात्मानोऽल्पबुद्धयः |
प्रभवन्त्युग्रकर्माणः क्षयाय जगतोऽहिताः ||१६-९||","16.9 Holding this view, these ruined souls of small intellect and fierce deeds, come forth as the enemies of the world for its destruction.",Bhakti Yoga
16,10,"काममाश्रित्य दुष्पूरं दम्भमानमदान्विताः |
मोहाद्गृहीत्वासद्ग्राहान्प्रवर्तन्तेऽशुचिव्रताः ||१६-१०||","16.10 Filled with insatiable desires, full of hypocrisy, pride and arrogance, holding evil ideas through delusion, they work with impure resolves.",Jnana Yoga
16,11,"चिन्तामपरिमेयां च प्रलयान्तामुपाश्रिताः |
कामोपभोगपरमा एतावदिति निश्चिताः ||१६-११||","16.11 Giving themselves over to immeasurable cares ending only with death, regarding gratification of lust as their highest aim, and feeling sure that that is all.",Bhakti Yoga
16,12,"आशापाशशतैर्बद्धाः कामक्रोधपरायणाः |
ईहन्ते कामभोगार्थमन्यायेनार्थसञ्चयान् ||१६-१२||","16.12 Bound by a hundred ties of hope, given over to lust and anger, they strive to obtain by unlawful means hoards to wealth for sensual enjoyments.",Bhakti Yoga
16,13,"इदमद्य मया लब्धमिमं प्राप्स्ये मनोरथम् |
इदमस्तीदमपि मे भविष्यति पुनर्धनम् ||१६-१३||","16.13 ""This has been gained by me today; this desire of mine I shall fuffil; this is mine and this wealth also shall be mine in future.""",Bhakti Yoga
16,14,"असौ मया हतः शत्रुर्हनिष्ये चापरानपि |
ईश्वरोऽहमहं भोगी सिद्धोऽहं बलवान्सुखी ||१६-१४||","16.14 ""That enemy has been slain by me; and others also I shall slay. I am the lord. I enjoy. I am perfect, powerful and happy.""",Bhakti Yoga
16,15,"आढ्योऽभिजनवानस्मि कोऽन्योऽस्ति सदृशो मया |
यक्ष्ये दास्यामि मोदिष्य इत्यज्ञानविमोहिताः ||१६-१५||","16.15 ""I am rich and born in a noble family. Who else is equal to me? I shall perform sacrifices. I shall give (charity). I shall rejoice,"" thus deluded by ignorance.",Bhakti Yoga
16,16,"अनेकचित्तविभ्रान्ता मोहजालसमावृताः |
प्रसक्ताः कामभोगेषु पतन्ति नरकेऽशुचौ ||१६-१६||","16.16 Bewildered by many a fancy, entangled in the snare of delusion, addicted to the gratification of lust, they fall into a foul hell.",Bhakti Yoga
16,17,"आत्मसम्भाविताः स्तब्धा धनमानमदान्विताः |
यजन्ते नामयज्ञैस्ते दम्भेनाविधिपूर्वकम् ||१६-१७||","16.17 Self-conceited, stubborn, filled with the pride and intoxication of wealth, they perform sacrifices in name out of ostentation, contrary to scriptural ordinances.",Bhakti Yoga
16,18,"अहंकारं बलं दर्पं कामं क्रोधं च संश्रिताः |
मामात्मपरदेहेषु प्रद्विषन्तोऽभ्यसूयकाः ||१६-१८||","16.18 Given over to egoism, power, haughtiness, lust and anger, these malicious people hate Me in their own bodies and in those of others.",Bhakti Yoga
16,19,"तानहं द्विषतः क्रुरान्संसारेषु नराधमान् |
क्षिपाम्यजस्रमशुभानासुरीष्वेव योनिषु ||१६-१९||","16.19 Those cruel haters, worst among men in the world, I hurl those evil-doers into the wombs of demons only.",Bhakti Yoga
16,20,"आसुरीं योनिमापन्ना मूढा जन्मनि जन्मनि |
मामप्राप्यैव कौन्तेय ततो यान्त्यधमां गतिम् ||१६-२०||","16.20 Entering into demoniacal wombs and deluded, birth after birth, not attaining Me, they thus fall, O Arjuna, into a condition still lower than that.",Bhakti Yoga
16,21,"त्रिविधं नरकस्येदं द्वारं नाशनमात्मनः |
कामः क्रोधस्तथा लोभस्तस्मादेतत्त्रयं त्यजेत् ||१६-२१||","16.21 Triple is the gate of this hell, destructive of the self  lust, anger and greed; therefore one should abandon these three.",Jnana Yoga
16,22,"एतैर्विमुक्तः कौन्तेय तमोद्वारैस्त्रिभिर्नरः |
आचरत्यात्मनः श्रेयस्ततो याति परां गतिम् ||१६-२२||","16.22 A man who is liberated from these three gates to darkness, O Arjuna, practises what is good for him and thus goes to the Supreme Goal.",Bhakti Yoga
16,23,"यः शास्त्रविधिमुत्सृज्य वर्तते कामकारतः |
न स सिद्धिमवाप्नोति न सुखं न परां गतिम् ||१६-२३||","16.23 He who, having cast aside the ordinances of the scriptures, acts under the impulse of desire, attains not perfection, nor happiness nor the Supreme Goal.",Bhakti Yoga
16,24,"तस्माच्छास्त्रं प्रमाणं ते कार्याकार्यव्यवस्थितौ |
ज्ञात्वा शास्त्रविधानोक्तं कर्म कर्तुमिहार्हसि ||१६-२४||","16.24 Therefore, let the scripture be thy authority in determining what ought to be done and what ought not to be done. Having known what is said in the ordinance of the scriptures, thou shouldst act here in this world.",Bhakti Yoga
17,1,"अर्जुन उवाच |
ये शास्त्रविधिमुत्सृज्य यजन्ते श्रद्धयान्विताः |
तेषां निष्ठा तु का कृष्ण सत्त्वमाहो रजस्तमः ||१७-१||","17.1 Arjuna said  Those who, setting aside the ordinances of the scriptures, perform sacrifice with faith, what is their condition, O Krishna? Is is Sattva, Rajas or Tamas?",Bhakti Yoga
17,2,"श्रीभगवानुवाच |
त्रिविधा भवति श्रद्धा देहिनां सा स्वभावजा |
सात्त्विकी राजसी चैव तामसी चेति तां शृणु ||१७-२||","17.2 The Blessed Lord said  Threefold is the faith of the embodied, which is inherent in their nature  the Sattvic (pure), the Rajasic (passionate) and the Tamasic (dark). Do thou hear of it.",Bhakti Yoga
17,3,"सत्त्वानुरूपा सर्वस्य श्रद्धा भवति भारत |
श्रद्धामयोऽयं पुरुषो यो यच्छ्रद्धः स एव सः ||१७-३||","17.3 The faith of each is in accordance with his nature, O Arjuna. The man consists of his faith; as a man's faith is, so is he.",Bhakti Yoga
17,4,"यजन्ते सात्त्विका देवान्यक्षरक्षांसि राजसाः |
प्रेतान्भूतगणांश्चान्ये यजन्ते तामसा जनाः ||१७-४||",17.4 The Sattvic or the pure men worship the gods; the Rajasic or the passionate worship the Yakshas and the Rakshasas; the others (the Tamasic or the deluded people) worship the ghosts and the hosts of the nature-spirits.,Bhakti Yoga
17,5,"अशास्त्रविहितं घोरं तप्यन्ते ये तपो जनाः |
दम्भाहंकारसंयुक्ताः कामरागबलान्विताः ||१७-५||","17.5 Those men who practise terrific austerities not enjoined by the scriptures, given to hypocrisy and egoism, impelled by the force of lust and attachment.",Bhakti Yoga
17,6,"कर्षयन्तः शरीरस्थं भूतग्राममचेतसः |
मां चैवान्तःशरीरस्थं तान्विद्ध्यासुरनिश्चयान् ||१७-६||","17.6 Senseless, torturing all the elements in the body and Me also, Who dwell in the body,  know thou these to be of demonical resolves.",Bhakti Yoga
17,7,"आहारस्त्वपि सर्वस्य त्रिविधो भवति प्रियः |
यज्ञस्तपस्तथा दानं तेषां भेदमिमं शृणु ||१७-७||","17.7 The food also which is dear to each is threefold, as also sacrifice, austerity and almsgiving. Hear thou the distinction of these.",Bhakti Yoga
17,8,"आयुःसत्त्वबलारोग्यसुखप्रीतिविवर्धनाः |
रस्याः स्निग्धाः स्थिरा हृद्या आहाराः सात्त्विकप्रियाः ||१७-८||","17.8 The foods which increase life, purity, strength, health, joy and cheerfulness (good appetite), which are savoury and oleaginous, substantial and agreeable, are dear to the Sattvic (pure) people.",Bhakti Yoga
17,9,"कट्वम्ललवणात्युष्णतीक्ष्णरूक्षविदाहिनः |
आहारा राजसस्येष्टा दुःखशोकामयप्रदाः ||१७-९||","17.9 The foods that are bitter, sour, saline, excessively hot, pungent, dry and burning, are liked by the Rajasic and are productive of pain, grief and disease.",Bhakti Yoga
17,10,"यातयामं गतरसं पूति पर्युषितं च यत् |
उच्छिष्टमपि चामेध्यं भोजनं तामसप्रियम् ||१७-१०||","17.10 That which is state, tasteless, putrid, rotten, refuse and impure, is the food liked by the Tamasic.",Bhakti Yoga
17,11,"अफलाङ्क्षिभिर्यज्ञो विधिदृष्टो य इज्यते |
यष्टव्यमेवेति मनः समाधाय स सात्त्विकः ||१७-११||","17.11 That sacrifice which is offered by men without desire for reward as enjoined by the ordinance (scripture), with a firm faith that to do so is a duty, is Sattvic or pure.",Bhakti Yoga
17,12,"अभिसन्धाय तु फलं दम्भार्थमपि चैव यत् |
इज्यते भरतश्रेष्ठ तं यज्ञं विद्धि राजसम् ||१७-१२||","17.12 The sacrifice which is offered, O Arjuna, seeking a reward and for ostentation, know thou that to be a Rajasic Yajna.",Bhakti Yoga
17,13,"विधिहीनमसृष्टान्नं मन्त्रहीनमदक्षिणम् |
श्रद्धाविरहितं यज्ञं तामसं परिचक्षते ||१७-१३||","17.13 They declare that sacrifice to be Tamasic which is contrary to the ordinances of the scriptures, in which no food is distributed, which is devoid of Mantras, gifts and faith.",Bhakti Yoga
17,14,"देवद्विजगुरुप्राज्ञपूजनं शौचमार्जवम् |
ब्रह्मचर्यमहिंसा च शारीरं तप उच्यते ||१७-१४||","17.14 Worship of the gods, the twice-born, the teachers and the wise, purity, straightforwardness, celibacy and non-injury are called the austerities of the body.",Bhakti Yoga
17,15,"अनुद्वेगकरं वाक्यं सत्यं प्रियहितं च यत् |
स्वाध्यायाभ्यसनं चैव वाङ्मयं तप उच्यते ||१७-१५||","17.15 Speech which causes no excitement, truthful, pleasant and beneficial, the practice of the study of the Vedas, are called austerity of speech.",Jnana Yoga
17,16,"मनः प्रसादः सौम्यत्वं मौनमात्मविनिग्रहः |
भावसंशुद्धिरित्येतत्तपो मानसमुच्यते ||१७-१६||","17.16 Serenity of mind, good-heartedness, self-control, purity of nature  this is called mental austerity.",Jnana Yoga
17,17,"श्रद्धया परया तप्तं तपस्तत्त्रिविधं नरैः |
अफलाकाङ्क्षिभिर्युक्तैः सात्त्विकं परिचक्षते ||१७-१७||","17.17 This threefold austerity, practised by steadfast men, with the utmost faith, desiring no reward, they call Sattvic.",Bhakti Yoga
17,18,"सत्कारमानपूजार्थं तपो दम्भेन चैव यत् |
क्रियते तदिह प्रोक्तं राजसं चलमध्रुवम् ||१७-१८||","17.18 The austerity which is practised with the object of gaining good reception, honour and worship, and with hypocrisy, is here said to be Rajasic, unstable and transitory.",Bhakti Yoga
17,19,"मूढग्राहेणात्मनो यत्पीडया क्रियते तपः |
परस्योत्सादनार्थं वा तत्तामसमुदाहृतम् ||१७-१९||","17.19 That austerity which is practised out of a foolish notion, with self-torture, or for the purpose of destroying another, is declared to be Tamasic.",Karma Yoga
17,20,"दातव्यमिति यद्दानं दीयतेऽनुपकारिणे |
देशे काले च पात्रे च तद्दानं सात्त्विकं स्मृतम् ||१७-२०||","17.20 That gift which is given to one who does nothing in return, knowing it to be a duty to give in a fit place and time to a worthy person, that gift is held to be Sattvic.",Bhakti Yoga
17,21,"यत्तु प्रत्युपकारार्थं फलमुद्दिश्य वा पुनः |
दीयते च परिक्लिष्टं तद्दानं राजसं स्मृतम् ||१७-२१||","17.21 And, that gift which is given with a view to receive something in return, or looking for a reward, or reluctantly, is held to be Rajasic.",Bhakti Yoga
17,22,"अदेशकाले यद्दानमपात्रेभ्यश्च दीयते |
असत्कृतमवज्ञातं तत्तामसमुदाहृतम् ||१७-२२||","17.22 The gift that is given at a wrong place and time, to unworthy persons, without respect or with insult is declared to be Tamasic.",Bhakti Yoga
17,23,"ॐतत्सदिति निर्देशो ब्रह्मणस्त्रिविधः स्मृतः |
ब्राह्मणास्तेन वेदाश्च यज्ञाश्च विहिताः पुरा ||१७-२३||","17.23 ""Om Tat Sat"": This has been declared to be the triple designation of Brahman. By that were created formerly, the Brahmanas, the Vedas and the sacrifices.",Bhakti Yoga
17,24,"तस्मादोमित्युदाहृत्य यज्ञदानतपःक्रियाः |
प्रवर्तन्ते विधानोक्ताः सततं ब्रह्मवादिनाम् ||१७-२४||","17.24 Therefore, with the utterance of ""Om"" are the acts of sacrifice, gift and austerity as enjoined in the scriptures, always begun by the students of Brahman.",Bhakti Yoga
17,25,"तदित्यनभिसन्धाय फलं यज्ञतपःक्रियाः |
दानक्रियाश्च विविधाः क्रियन्ते मोक्षकाङ्क्षिभिः ||१७-२५||","17.25 Uttering ï1Tatï1, without aiming at the fruits, are the acts of sacrifice and austerity and the various acts of gifts performed by the seekers of liberation.",Bhakti Yoga
17,26,"सद्भावे साधुभावे च सदित्येतत्प्रयुज्यते |
प्रशस्ते कर्मणि तथा सच्छब्दः पार्थ युज्यते ||१७-२६||","17.26 The word ï1Satï1 is used in the sense of reality and of goodness; and so also, O Arjuna, the word ï1Satï1 is used in the sense of an auspicious act.",Bhakti Yoga
17,27,"यज्ञे तपसि दाने च स्थितिः सदिति चोच्यते |
कर्म चैव तदर्थीयं सदित्येवाभिधीयते ||१७-२७||","17.27 Steadfastness in sacrifice, austerity and gift, is also called 'Sat' and also action in connection with these (or for the sake of the Supreme) is called 'Sat'.",Bhakti Yoga
17,28,"अश्रद्धया हुतं दत्तं तपस्तप्तं कृतं च यत् |
असदित्युच्यते पार्थ न च तत्प्रेत्य नो इह ||१७-२८||","17.28 Whatever is sacrificed, given or performed, and whatever austerity is practised without faith, it is called 'Asat', O Arjuna; it is naught here or hereafter (after death).",Bhakti Yoga
18,1,"अर्जुन उवाच |
संन्यासस्य महाबाहो तत्त्वमिच्छामि वेदितुम् |
त्यागस्य च हृषीकेश पृथक्केशिनिषूदन ||१८-१||","18.1 Arjuna said  I desire to know severally, O mighty-armed, the essence or truth of renunciation, O Hrishikesa, as also of abandonment, O slayer of Kesi.",Bhakti Yoga
18,2,"श्रीभगवानुवाच |
काम्यानां कर्मणां न्यासं संन्यासं कवयो विदुः |
सर्वकर्मफलत्यागं प्राहुस्त्यागं विचक्षणाः ||१८-२||",18.2 The Blessed Lord said  The sages understand Sannyasa to be the renunciation of action with desire; the wise declare the abandonment of the fruits of all actions as Tyaga.,Bhakti Yoga
18,3,"त्याज्यं दोषवदित्येके कर्म प्राहुर्मनीषिणः |
यज्ञदानतपःकर्म न त्याज्यमिति चापरे ||१८-३||","18.3 Some philosophers declare that actions should be abandoned as an evil; while others (declare) that acts of sacrifice, gift and austerity should not be relinished.",Bhakti Yoga
18,4,"निश्चयं शृणु मे तत्र त्यागे भरतसत्तम |
त्यागो हि पुरुषव्याघ्र त्रिविधः सम्प्रकीर्तितः ||१८-४||","18.4 Hear from Me the conclusion or the final truth about this abandonment, O best of the Bharatas; abandonment, verily, O best of men, has been declared to be of three kinds.",Jnana Yoga
18,5,"यज्ञदानतपःकर्म न त्याज्यं कार्यमेव तत् |
यज्ञो दानं तपश्चैव पावनानि मनीषिणाम् ||१८-५||","18.5 Acts of sacrifice, gift and austerity should not be abandoned, but should be performed; sacrifice, gift and also austerity are the purifiers of the wise.",Bhakti Yoga
18,6,"एतान्यपि तु कर्माणि सङ्गं त्यक्त्वा फलानि च |
कर्तव्यानीति मे पार्थ निश्चितं मतमुत्तमम् ||१८-६||","18.6 But even these actions should be performed leaving aside attachment and the desire for rewards, O Arjuna; this is My certain and best conviction.",Karma Yoga
18,7,"नियतस्य तु संन्यासः कर्मणो नोपपद्यते |
मोहात्तस्य परित्यागस्तामसः परिकीर्तितः ||१८-७||",18.7 Verily the renunciation of obligatory action is not proper; the abandonment of the same from delusion is declared to be Tamasic.,Bhakti Yoga
18,8,"दुःखमित्येव यत्कर्म कायक्लेशभयात्त्यजेत् |
स कृत्वा राजसं त्यागं नैव त्यागफलं लभेत् ||१८-८||","18.8 He who abandons action on account of the fear of bodily trouble (because it is painful), does not obtain the merit of renunciation by doing such Rajasic renunciation.",Bhakti Yoga
18,9,"कार्यमित्येव यत्कर्म नियतं क्रियतेऽर्जुन |
सङ्गं त्यक्त्वा फलं चैव स त्यागः सात्त्विको मतः ||१८-९||","18.9 Whatever obligatory action is done, O Arjuna, merely because it ought to be done, abandoning attachment and also the desire for reward, that renunciation is regarded as Sattvic (pure).",Bhakti Yoga
18,10,"न द्वेष्ट्यकुशलं कर्म कुशले नानुषज्जते |
त्यागी सत्त्वसमाविष्टो मेधावी छिन्नसंशयः ||१८-१०||","18.10 The man of renunciation, pervaded by purity, intelligent, and with his doubts cut asunder, does not hate a disagreeable work nor is he attached to an agreeable one.",Bhakti Yoga
18,11,"न हि देहभृता शक्यं त्यक्तुं कर्माण्यशेषतः |
यस्तु कर्मफलत्यागी स त्यागीत्यभिधीयते ||१८-११||","18.11 Verily, it is not possible for an embodied being to abandon actions entirely; but he who relinishes the rewards of actions is verily called a man of renunciation.",Bhakti Yoga
18,12,"अनिष्टमिष्टं मिश्रं च त्रिविधं कर्मणः फलम् |
भवत्यत्यागिनां प्रेत्य न तु संन्यासिनां क्वचित् ||१८-१२||","18.12 The threefold fruit of action (evil, good and mixed) accrues after death to the non-abandoners, but never to the abandoners.",Bhakti Yoga
18,13,"पञ्चैतानि महाबाहो कारणानि निबोध मे |
साङ्ख्ये कृतान्ते प्रोक्तानि सिद्धये सर्वकर्मणाम् ||१८-१३||","18.13 Learn from Me, O mighty-armed Arjuna, these five causes as declared in the Sankhya system for the accomplishment of all actions.",Karma Yoga
18,14,"अधिष्ठानं तथा कर्ता करणं च पृथग्विधम् |
विविधाश्च पृथक्चेष्टा दैवं चैवात्र पञ्चमम् ||१८-१४||","18.14 The seat (body), the doer, the various senses, the different functions of various sorts, and the presiding deity, also, the fifth.",Bhakti Yoga
18,15,"शरीरवाङ्मनोभिर्यत्कर्म प्रारभते नरः |
न्याय्यं वा विपरीतं वा पञ्चैते तस्य हेतवः ||१८-१५||","18.15 Whatever action a man performs with his body, speech and mind  whether right or the reverse  these five are its causes.",Karma Yoga
18,16,"तत्रैवं सति कर्तारमात्मानं केवलं तु यः |
पश्यत्यकृतबुद्धित्वान्न स पश्यति दुर्मतिः ||१८-१६||","18.16 Now, such being the case, verily he who  owing to untrained understanding  looks upon his Self, which is isolated, as the agent, he of perverted intelligence, sees not.",Jnana Yoga
18,17,"यस्य नाहंकृतो भावो बुद्धिर्यस्य न लिप्यते |
हत्वाऽपि स इमाँल्लोकान्न हन्ति न निबध्यते ||१८-१७||","18.17 He who is free from the egoistic notion, whose intelligence is not tainted (by good or evil), 
though he slays these people, he slayeth not, nor is he bound (by the action).",Bhakti Yoga
18,18,"ज्ञानं ज्ञेयं परिज्ञाता त्रिविधा कर्मचोदना |
करणं कर्म कर्तेति त्रिविधः कर्मसंग्रहः ||१८-१८||","18.18 Knowledge, the knowable and the knower form the threefold impulse to action; the organ, the action and the agent form the threefold basis of action.",Jnana Yoga
18,19,"ज्ञानं कर्म च कर्ताच त्रिधैव गुणभेदतः |
प्रोच्यते गुणसङ्ख्याने यथावच्छृणु तान्यपि ||१८-१९||","18.19 Knowledge, action and actor are declared in the science of the Gunas (Sankhya philosophy) to be of three kinds only, according to the distinction of the Gunas. Of these also, hear duly.",Jnana Yoga
18,20,"सर्वभूतेषु येनैकं भावमव्ययमीक्षते |
अविभक्तं विभक्तेषु तज्ज्ञानं विद्धि सात्त्विकम् ||१८-२०||","18.20 That by which one sees the one indestructible Reality in all beings, not separate in all the separate beings  know thou that knowledge to be Sattvic.",Jnana Yoga
18,21,"पृथक्त्वेन तु यज्ज्ञानं नानाभावान्पृथग्विधान् |
वेत्ति सर्वेषु भूतेषु तज्ज्ञानं विद्धि राजसम् ||१८-२१||",18.21 But that knowledge which sees in all beings various entities of distinct kinds as different from one another  know thou that knowledge to be Rajasic.,Jnana Yoga
18,22,"यत्तु कृत्स्नवदेकस्मिन्कार्ये सक्तमहैतुकम् |
अतत्त्वार्थवदल्पं च तत्तामसमुदाहृतम् ||१८-२२||","18.22 But that which clings to one single effect as if it were the whole, without reason, without foundation in Truth, and trivial  that is declared to be Tamasic.",Bhakti Yoga
18,23,"नियतं सङ्गरहितमरागद्वेषतः कृतम् |
अफलप्रेप्सुना कर्म यत्तत्सात्त्विकमुच्यते ||१८-२३||","18.23 An action which is ordained, which is free from attachment, and which is done without love or hatred by one who is not desirous of any reward  that action is declared to be Sattvic.",Bhakti Yoga
18,24,"यत्तु कामेप्सुना कर्म साहंकारेण वा पुनः |
क्रियते बहुलायासं तद्राजसमुदाहृतम् ||१८-२४||",18.24 But that action which is done by one longing for the fulfilment of desires or gain with egoism or with much effort  that is declared to be Rajasic (passionate).,Bhakti Yoga
18,25,"अनुबन्धं क्षयं हिंसामनपेक्ष्य च पौरुषम् |
मोहादारभ्यते कर्म यत्तत्तामसमुच्यते ||१८-२५||","18.25 That action which is undertaken from delusion, without a regard for the conseences, loss, injury and (one's own) ability  that is declared to be Tamasic (dark).",Bhakti Yoga
18,26,"मुक्तसङ्गोऽनहंवादी धृत्युत्साहसमन्वितः |
सिद्ध्यसिद्ध्योर्निर्विकारः कर्ता सात्त्विक उच्यते ||१८-२६||","18.26 An agent who is free from attachment, non-egoistic, endowed with firmness and enthusiasm, and unaffected by success or failure, is called Sattvic (pure).",Jnana Yoga
18,27,"रागी कर्मफलप्रेप्सुर्लुब्धो हिंसात्मकोऽशुचिः |
हर्षशोकान्वितः कर्ता राजसः परिकीर्तितः ||१८-२७||","18.27 Passionate, desiring to obtain the reward of actions, greedy, cruel, impure, moved by joy and sorrow, such an agent is said to be Rajasic (passionate).",Bhakti Yoga
18,28,"अयुक्तः प्राकृतः स्तब्धः शठो नैष्कृतिकोऽलसः |
विषादी दीर्घसूत्री च कर्ता तामस उच्यते ||१८-२८||","18.28 Unsteady, vulgar, unbending, cheating, malicious, lazy, desponding and procrastinating  such an agent is called Tamasic.",Karma Yoga
18,29,"बुद्धेर्भेदं धृतेश्चैव गुणतस्त्रिविधं शृणु |
प्रोच्यमानमशेषेण पृथक्त्वेन धनञ्जय ||१८-२९||","18.29 Hear thou the threefold division of intellect and firmness according to the Gunas, as I declare them fully and distinctly, O Arjuna.",Bhakti Yoga
18,30,"प्रवृत्तिं च निवृत्तिं च कार्याकार्ये भयाभये |
बन्धं मोक्षं च या वेत्ति बुद्धिः सा पार्थ सात्त्विकी ||१८-३०||","18.30 The intellect which knows the path of work and renunciation, what ought to be done and what ought not to be done, fear and fearlessness, bondage and liberation  that intellect is Sattvic (pure), O Arjuna.",Jnana Yoga
18,31,"यया धर्ममधर्मं च कार्यं चाकार्यमेव च |
अयथावत्प्रजानाति बुद्धिः सा पार्थ राजसी ||१८-३१||","18.31 That, by which one wrongly understands Dharma and Adharma and also what ought to be done and what ought not to be done  that intellect, O Arjuna, is Rajasic (passionate).",Bhakti Yoga
18,32,"अधर्मं धर्ममिति या मन्यते तमसावृता |
सर्वार्थान्विपरीतांश्च बुद्धिः सा पार्थ तामसी ||१८-३२||","18.32 That, which, enveloped in darkness, sees Adharma as Dharma and all things perverted  that intellect, O Arjuna, is Tamasic (dark).",Bhakti Yoga
18,33,"धृत्या यया धारयते मनःप्राणेन्द्रियक्रियाः |
योगेनाव्यभिचारिण्या धृतिः सा पार्थ सात्त्विकी ||१८-३३||","18.33 The unwavering firmness by which, through Yoga, the functions of the mind, the life-force and the senses are restrained  that firmness, O Arjuna, is Sattvic (pure).",Bhakti Yoga
18,34,"यया तु धर्मकामार्थान्धृत्या धारयतेऽर्जुन |
प्रसङ्गेन फलाकाङ्क्षी धृतिः सा पार्थ राजसी ||१८-३४||","18.34 But that, O Arjuna, by which, on account of attachment and desire for reward, one holds fast to Dharma (duty), enjoyment of pleasures and earning of wealth  that firmness, O Arjuna, is Rajasic (passionate).",Bhakti Yoga
18,35,"यया स्वप्नं भयं शोकं विषादं मदमेव च |
न विमुञ्चति दुर्मेधा धृतिः सा पार्थ तामसी ||१८-३५||","18.35 That, by which a stupid man does not abandon sleep, fear, grief, despair and also conceit  that firmness, O Arjuna, is Tamasic.",Bhakti Yoga
18,36,"सुखं त्विदानीं त्रिविधं शृणु मे भरतर्षभ |
अभ्यासाद्रमते यत्र दुःखान्तं च निगच्छति ||१८-३६||","18.36 And now hear from Me, O Arjuna, of the threefold pleasure, in which one rejoices by practice and surely comes to the end of pain.",Bhakti Yoga
18,37,"यत्तदग्रे विषमिव परिणामेऽमृतोपमम् |
तत्सुखं सात्त्विकं प्रोक्तमात्मबुद्धिप्रसादजम् ||१८-३७||","18.37 That which is like poison at first but in the end like nectar  that happiness is declared to be Sattvic, born of the purity of one's own mind due to Self-realisation.",Jnana Yoga
18,38,"विषयेन्द्रियसंयोगाद्यत्तदग्रेऽमृतोपमम् |
परिणामे विषमिव तत्सुखं राजसं स्मृतम् ||१८-३८||","18.38 That happiness which arises from the contact of the sense-organs with the objects, which is at first like nectar, and in the end like poison  that is declared to be Rajasic.",Bhakti Yoga
18,39,"यदग्रे चानुबन्धे च सुखं मोहनमात्मनः |
निद्रालस्यप्रमादोत्थं तत्तामसमुदाहृतम् ||१८-३९||","18.39 That happiness which at first as well as in the seel deludes the self, and which arises from sleep, indolence and heedlessness  that is declared to be Tamasic.",Jnana Yoga
18,40,"न तदस्ति पृथिव्यां वा दिवि देवेषु वा पुनः |
सत्त्वं प्रकृतिजैर्मुक्तं यदेभिः स्यात्त्रिभिर्गुणैः ||१८-४०||","18.40 There is no being on earth or again in heaven among the gods, that is liberated from the three alities born of Nature.",Bhakti Yoga
18,41,"ब्राह्मणक्षत्रियविशां शूद्राणां च परन्तप |
कर्माणि प्रविभक्तानि स्वभावप्रभवैर्गुणैः ||१८-४१||","18.41 Of Brahmanas, Kshatriyas and Vaisyas, as also of Sudras, O Arjuna, the duties are distributed according to the alities born of their own nature.",Karma Yoga
18,42,"शमो दमस्तपः शौचं क्षान्तिरार्जवमेव च |
ज्ञानं विज्ञानमास्तिक्यं ब्रह्मकर्म स्वभावजम् ||१८-४२||","18.42 Serenity, self-restraint, austerity, purity, forgiveness and also uprightness, knowledge, realisation and belief in God are the duties of the Brahmanas, born of (their own) nature.",Bhakti Yoga
18,43,"शौर्यं तेजो धृतिर्दाक्ष्यं युद्धे चाप्यपलायनम् |
दानमीश्वरभावश्च क्षात्रं कर्म स्वभावजम् ||१८-४३||","18.43 Prowess, splendour, firmness, dexterity and also not fleeing from battle, generosity and lordliness are the duties of the Kshatriyas, born of (their own) nature.",Bhakti Yoga
18,44,"कृषिगौरक्ष्यवाणिज्यं वैश्यकर्म स्वभावजम् |
परिचर्यात्मकं कर्म शूद्रस्यापि स्वभावजम् ||१८-४४||","18.44 Agriculture, cattle-rearing and trade are the duties of the Vaisya (merchant), born of (their own) nature; and action consisting of service is the duty of the Sudra (servant-class), born of (their own) nature.",Karma Yoga
18,45,"स्वे स्वे कर्मण्यभिरतः संसिद्धिं लभते नरः |
स्वकर्मनिरतः सिद्धिं यथा विन्दति तच्छृणु ||१८-४५||","5.10 He who does actions, offering them to Brahman, and abandoning attachment, is not tainted by sin, just as a lotus-leaf is not tainted by water.",Bhakti Yoga
18,46,"यतः प्रवृत्तिर्भूतानां येन सर्वमिदं ततम् |
स्वकर्मणा तमभ्यर्च्य सिद्धिं विन्दति मानवः ||१८-४६||","18.46 He from Whom all the beings have evolved and by Whom all this is pervaded  worshipping Him with his own duty, man attains perfection.",Bhakti Yoga
18,47,"श्रेयान्स्वधर्मो विगुणः परधर्मात्स्वनुष्ठितात् |
स्वभावनियतं कर्म कुर्वन्नाप्नोति किल्बिषम् ||१८-४७||","18.47 Better is one's own duty (though) destitute of merits, than the duty of another well performed. He who does the duty ordained by his own nature incurs no sin.",Karma Yoga
18,48,"सहजं कर्म कौन्तेय सदोषमपि न त्यजेत् |
सर्वारम्भा हि दोषेण धूमेनाग्निरिवावृताः ||१८-४८||","18.48 One should not abandon, O Arjuna, the duty to which one is born, though faulty; for, all undertakings are enveloped by evil, as fire by smoke.",Bhakti Yoga
18,49,"असक्तबुद्धिः सर्वत्र जितात्मा विगतस्पृहः |
नैष्कर्म्यसिद्धिं परमां संन्यासेनाधिगच्छति ||१८-४९||","18.49 He whose intellect is unattached everywhere, who has subdued his self, from whom desire has fled,  he by renunciation, attains the supreme state of freedom from action.",Jnana Yoga
18,50,"सिद्धिं प्राप्तो यथा ब्रह्म तथाप्नोति निबोध मे |
समासेनैव कौन्तेय निष्ठा ज्ञानस्य या परा ||१८-५०||","18.50 Learn from Me in brief, O Arjuna, how he who has attained perfection reaches Brahman (the Eternal), that supreme state of knowledge.",Jnana Yoga
18,51,"बुद्ध्या विशुद्धया युक्तो धृत्यात्मानं नियम्य च |
शब्दादीन्विषयांस्त्यक्त्वा रागद्वेषौ व्युदस्य च ||१८-५१||","18.51 Endowed with a pure intellect, controlling the self by firmness, relinishing sound and other objects and abandoning attraction and hatred.",Jnana Yoga
18,52,"विविक्तसेवी लघ्वाशी यतवाक्कायमानसः |
ध्यानयोगपरो नित्यं वैराग्यं समुपाश्रितः ||१८-५२||","18.52 Dwelling in solitude, eating but little, with speech, body and mind subdued, always engaged in meditation and concentration, resorting to dispassion.",Bhakti Yoga
18,53,"अहंकारं बलं दर्पं कामं क्रोधं परिग्रहम् |
विमुच्य निर्ममः शान्तो ब्रह्मभूयाय कल्पते ||१८-५३||","18.53 Having abandoned egoism, strength, arrogance, desire, anger and covetousness, and free from the notion of 'mine' and peaceful,  he is fit for becoming Brahman.",Bhakti Yoga
18,54,"ब्रह्मभूतः प्रसन्नात्मा न शोचति न काङ्क्षति |
समः सर्वेषु भूतेषु मद्भक्तिं लभते पराम् ||१८-५४||","18.54 Becoming Brahman, serene in the Self, he neither grieves nor desires, the same to all beings, he obtains supreme devotion to Me.",Bhakti Yoga
18,55,"भक्त्या मामभिजानाति यावान्यश्चास्मि तत्त्वतः |
ततो मां तत्त्वतो ज्ञात्वा विशते तदनन्तरम् ||१८-५५||","18.55 By devotion he knows Me in truth, what and who I am; then having known Me in truth, he forthwith enters into the Supreme.",Bhakti Yoga
18,56,"सर्वकर्माण्यपि सदा कुर्वाणो मद्व्यपाश्रयः |
मत्प्रसादादवाप्नोति शाश्वतं पदमव्ययम् ||१८-५६||","18.56 Doing all actions always having taken refuge in Me, by My grace he obtains the eternal indestructible state of being.",Bhakti Yoga
18,57,"चेतसा सर्वकर्माणि मयि संन्यस्य मत्परः |
बुद्धियोगमुपाश्रित्य मच्चित्तः सततं भव ||१८-५७||","18.57 Mentally renouncing all actions in Me, having Me as the highest goal, resorting to the Yoga of discrimination do thou ever fix thy mind on Me.",Karma Yoga
18,58,"मच्चित्तः सर्वदुर्गाणि मत्प्रसादात्तरिष्यसि |
अथ चेत्त्वमहंकारान्न श्रोष्यसि विनङ्क्ष्यसि ||१८-५८||","18.58 Fixing thy mind on Me, thou shalt by My grace overcome all obstacles; but if from egoism thou wilt not hear Me, thou shalt perish.",Bhakti Yoga
18,59,"यदहंकारमाश्रित्य न योत्स्य इति मन्यसे |
मिथ्यैष व्यवसायस्ते प्रकृतिस्त्वां नियोक्ष्यति ||१८-५९||","18.59 If, filled with egoism, thou thinkest: ""I will not fight"", vain is this, thy resolve; Nature will compel thee.",Bhakti Yoga
18,60,"स्वभावजेन कौन्तेय निबद्धः स्वेन कर्मणा |
कर्तुं नेच्छसि यन्मोहात्करिष्यस्यवशोपि तत् ||१८-६०||","18.60 O Arjuna, bound by thy own Karma (action) born of thy own nature, that which from delusion thou wishest not to do, even that thou shalt do helplessly.",Bhakti Yoga
18,61,"ईश्वरः सर्वभूतानां हृद्देशेऽर्जुन तिष्ठति |
भ्रामयन्सर्वभूतानि यन्त्रारूढानि मायया ||१८-६१||","18.61 The Lord dwells in the hearts of all beings, O Arjuna, causing all beings, by His illusive power, to revolve as if mounted on a machine.",Bhakti Yoga
18,62,"तमेव शरणं गच्छ सर्वभावेन भारत |
तत्प्रसादात्परां शान्तिं स्थानं प्राप्स्यसि शाश्वतम् ||१८-६२||","18.62 Fly unto Him for refuge with all thy being, O Arjuna; by His grace thou shalt obtain supreme peace (and) the eternal abode.",Bhakti Yoga
18,63,"इति ते ज्ञानमाख्यातं गुह्याद्गुह्यतरं मया |
विमृश्यैतदशेषेण यथेच्छसि तथा कुरु ||१८-६३||","18.63 Thus has wisdom, more secret than secrecy itself, been declared unto thee by Me; having reflected over it fully, then act as thou wishest.",Jnana Yoga
18,64,"सर्वगुह्यतमं भूयः शृणु मे परमं वचः |
इष्टोऽसि मे दृढमिति ततो वक्ष्यामि ते हितम् ||१८-६४||","18.64 Hear thou again My supreme word, most secret of all; because thou art dearly beloved of Me, I will tell thee what is good.",Bhakti Yoga
18,65,"मन्मना भव मद्भक्तो मद्याजी मां नमस्कुरु |
मामेवैष्यसि सत्यं ते प्रतिजाने प्रियोऽसि मे ||१८-६५||","18.65 Fix thy mind on Me, by devoted to Me, sacrifice to Me, bow down to Me. Thou shalt come even to Me; truly do I promise unto thee, (for) thou art dear to Me.",Bhakti Yoga
18,66,"सर्वधर्मान्परित्यज्य मामेकं शरणं व्रज |
अहं त्वा सर्वपापेभ्यो मोक्षयिष्यामि मा शुचः ||१८-६६||","18.66 Abandoning all duties, take refuge in Me alone: I will liberate thee from all sins; grieve not.",Bhakti Yoga
18,67,"इदं ते नातपस्काय नाभक्ताय कदाचन |
न चाशुश्रूषवे वाच्यं न च मां योऽभ्यसूयति ||१८-६७||","18.67 This is never to be spoken by thee to one who is devoid of austerities or devotion, nor to one who does not render service or who does not desire to listen, nor to one who cavils at Me.",Bhakti Yoga
18,68,"य इदं परमं गुह्यं मद्भक्तेष्वभिधास्यति |
भक्तिं मयि परां कृत्वा मामेवैष्यत्यसंशयः ||१८-६८||","18.68 He who with supreme devotion to Me will teach this supreme secret to My devotees, shall doubtlessly come to Me.",Bhakti Yoga
18,69,"न च तस्मान्मनुष्येषु कश्चिन्मे प्रियकृत्तमः |
भविता न च मे तस्मादन्यः प्रियतरो भुवि ||१८-६९||","18.69 Nor is there any among men who does dearer service to Me, nor shall there be another on earth dearer to Me than he.",Bhakti Yoga
18,70,"अध्येष्यते च य इमं धर्म्यं संवादमावयोः |
ज्ञानयज्ञेन तेनाहमिष्टः स्यामिति मे मतिः ||१८-७०||","18.70 And he who will study this sacred dialogue of ours, by him I shall have been worshipped by the sacrifice of wisdom,  such is My conviction.",Bhakti Yoga
18,71,"श्रद्धावाननसूयश्च शृणुयादपि यो नरः |
सोऽपि मुक्तः शुभाँल्लोकान्प्राप्नुयात्पुण्यकर्मणाम् ||१८-७१||","18.71 Also the man who hears this, full of faith and free from malice, he, too, liberated, shall attain to the happy worlds of those of righteous deeds.",Bhakti Yoga
18,72,"कच्चिदेतच्छ्रुतं पार्थ त्वयैकाग्रेण चेतसा |
कच्चिदज्ञानसम्मोहः प्रनष्टस्ते धनञ्जय ||१८-७२||","18.72 Has this been heard, O Arjuna, with one-pointed mind? Has the delusion of thy ignorance been destroyed, O Dhananjaya?",Jnana Yoga
18,73,"अर्जुन उवाच |
नष्टो मोहः स्मृतिर्लब्धा त्वत्प्रसादान्मयाच्युत |
स्थितोऽस्मि गतसन्देहः करिष्ये वचनं तव ||१८-७३||","18.73 Arjuna said  Destroyed is my delusion as I have gained my knowledge (memory) through Thy grace, O Krishna. I remain freed from doubts. I will act according to Thy word.",Bhakti Yoga
18,74,"सञ्जय उवाच |
इत्यहं वासुदेवस्य पार्थस्य च महात्मनः |
संवादमिममश्रौषमद्भुतं रोमहर्षणम् ||१८-७४||","18.74 Sanjaya said  Thus I have heard this wonderful dialogue between Krishna and the high-souled Arjuna, which causes the hair to stand on end.",Bhakti Yoga
18,75,"व्यासप्रसादाच्छ्रुतवानेतद्गुह्यमहं परम् |
योगं योगेश्वरात्कृष्णात्साक्षात्कथयतः स्वयम् ||१८-७५||","18.75 Through the grace of Vyasa I have heard this supreme and most secret Yoga direct from Krishna, the Lord of Yoga, Himself declaring it.",Bhakti Yoga
18,76,"राजन्संस्मृत्य संस्मृत्य संवादमिममद्भुतम् |
केशवार्जुनयोः पुण्यं हृष्यामि च मुहुर्मुहुः ||१८-७६||","18.76 O King, remembering this wonderful and holy dialogue between Krishna and Arjuna, I rejoice again and again.",Bhakti Yoga
18,77,"तच्च संस्मृत्य संस्मृत्य रूपमत्यद्भुतं हरेः |
विस्मयो मे महान् राजन्हृष्यामि च पुनः पुनः ||१८-७७||","18.77 And, remembering again and again, also that most wonderful form of Hari, great is my wonder, O King; and I rejoice again and again.",Bhakti Yoga
18,78,"यत्र योगेश्वरः कृष्णो यत्र पार्थो धनुर्धरः |
तत्र श्रीर्विजयो भूतिर्ध्रुवा नीतिर्मतिर्मम ||१८-७८||","18.78 Wherever is Krishna, the Lord of Yoga; wherever is Arjuna, the wielder of the bow; there are prosperity, victory, happiness and firm policy; such is my conviction.",Bhakti Yoga
